train/value_loss,train/entropy_loss,time/total_timesteps,time/time_elapsed,train/learning_rate,train/explained_variance,rollout/ep_rew_mean,time/iterations,rollout/ep_len_mean,train/policy_loss,time/fps,train/n_updates
6.84988044667989e-05,-2.30251407623291,500,55,0.0007,-1480.142578125,1.0,100,385.0,-0.01607915759086609,8,99
7.049208079479286e-07,-2.30253529548645,1000,79,0.0007,-17.57988929748535,1.0,200,385.0,0.0012210465501993895,12,199
1.7616464901948348e-05,-2.3025426864624023,1500,99,0.0007,-159.69825744628906,1.0,300,385.0,-0.008363724686205387,15,299
4.169348358118441e-06,-2.302537441253662,2000,118,0.0007,-2288.5654296875,1.0,400,385.0,5.895909998798743e-05,16,399
5.555798452405725e-06,-2.302522659301758,2500,141,0.0007,-291729.125,1.0,500,385.0,0.0016100357752293348,17,499
2.798998366415617e-06,-2.3025104999542236,3000,156,0.0007,-586569.0625,1.0,600,385.0,-0.0017010364681482315,19,599
1.2872526440332877e-06,-2.302476406097412,3500,176,0.0007,-540.5811157226562,1.0,700,385.0,8.950692426878959e-05,19,699
1.3197454791225027e-06,-2.302438259124756,4000,193,0.0007,-52729.625,1.0,800,385.0,0.0011013923212885857,20,799
2.912849481617741e-07,-2.3024239540100098,4500,226,0.0007,-840.3917846679688,0.5,900,2192.5,5.1311821152921766e-05,19,899
2.486221433173341e-07,-2.3021795749664307,5000,238,0.0007,-241.2854461669922,0.5,1000,2192.5,-0.0008543755975551903,20,999
9.33939503511283e-08,-2.301985025405884,5500,252,0.0007,-136.3918914794922,0.5,1100,2192.5,-6.788712198613212e-05,21,1099
1.9225345226914214e-07,-2.3017454147338867,6000,268,0.0007,-1225.8948974609375,0.5,1200,2192.5,0.0008337601320818067,22,1199
2.0747464191117615e-07,-2.300532817840576,6500,284,0.0007,-7.610074043273926,0.5,1300,2192.5,0.0009716707281768322,22,1299
5.949557291273777e-08,-2.3008475303649902,7000,303,0.0007,-1071.0523681640625,0.5,1400,2192.5,0.0003478705184534192,23,1399
3.6428718885872513e-07,-2.3014793395996094,7500,321,0.0007,-546.3570556640625,0.5,1500,2192.5,0.0011261522304266691,23,1499
8.407282336975186e-08,-2.3020827770233154,8000,346,0.0007,-129.0912322998047,0.5,1600,2192.5,7.672441279282793e-05,23,1599
6.68814479354296e-08,-2.3021960258483887,8500,382,0.0007,-99.18264770507812,0.3333333432674408,1700,2795.0,-0.00028947865939699113,22,1699
1.0568454626991297e-06,-2.301879405975342,9000,414,0.0007,-114068.3828125,0.25,1800,2181.25,-0.0017548853065818548,21,1799
1.0357074131661648e-07,-2.301624059677124,9500,429,0.0007,-316.090576171875,0.25,1900,2181.25,0.0004244829178787768,22,1899
7.934609413950966e-09,-2.3015568256378174,10000,448,0.0007,-2302.66162109375,0.25,2000,2181.25,-9.807197784539312e-05,22,1999
1.5275332998498925e-08,-2.3018736839294434,10500,464,0.0007,-13.745054244995117,0.25,2100,2181.25,-0.0001668836484896019,22,2099
5.504340947481978e-07,-2.3020191192626953,11000,484,0.0007,-236.6670379638672,0.25,2200,2181.25,-0.0010912324069067836,22,2199
3.4224150624595495e-08,-2.3021411895751953,11500,502,0.0007,-47.91144561767578,0.25,2300,2181.25,-0.00022473352146334946,22,2299
1.710229113882633e-08,-2.3020119667053223,12000,519,0.0007,-192.0609588623047,0.25,2400,2181.25,-0.0001225717132911086,23,2399
1.2400164450809825e-07,-2.301804304122925,12500,539,0.0007,-28.36159324645996,0.25,2500,2181.25,-0.0006859886343590915,23,2499
5.8103051259195126e-08,-2.3018040657043457,13000,569,0.0007,-86.51792907714844,0.20000000298023224,2600,2545.0,0.00019954642630182207,22,2599
3.051213681715126e-08,-2.3016016483306885,13500,602,0.0007,-211.36798095703125,0.1666666716337204,2700,2196.8333333333335,0.00031605432741343975,22,2699
3.2816340080898954e-06,-2.3018994331359863,14000,634,0.0007,-30.374713897705078,0.1428571492433548,2800,1943.5714285714287,0.003900418058037758,22,2799
1.3550876474255347e-06,-2.3017053604125977,14500,667,0.0007,-123.8302993774414,0.25,2900,1750.25,0.0022437553852796555,21,2899
6.476596354332287e-06,-2.3016676902770996,15000,698,0.0007,-45.99345779418945,0.3333333432674408,3000,1611.6666666666667,0.0012440703576430678,21,2999
1.1278122656221967e-05,-2.301689624786377,15500,746,0.0007,-16.726972579956055,0.3636363744735718,3100,1408.2727272727273,-0.00018434743105899543,20,3099
2.9014488518441794e-06,-2.301689863204956,16000,775,0.0007,0.053352296352386475,0.4166666567325592,3200,1331.4166666666667,-0.003959230612963438,20,3199
1.6188984091058956e-06,-2.301575183868408,16500,803,0.0007,-2.482452392578125,0.4615384638309479,3300,1261.3076923076924,-0.002628207439556718,20,3299
5.804304237244651e-07,-2.3016068935394287,17000,836,0.0007,-8.74980354309082,0.4285714328289032,3400,1199.7857142857142,0.0014257344882935286,20,3399
2.6008024178736378e-06,-2.3011653423309326,17500,868,0.0007,-7.614182472229004,0.46666666865348816,3500,1155.6666666666667,-0.002045711502432823,20,3499
3.776415269385325e-07,-2.301177740097046,18000,899,0.0007,0.0,0.4375,3600,1112.4375,-0.0013075766619294882,20,3599
2.4380628929066006e-06,-2.301229238510132,18500,928,0.0007,-161.26287841796875,0.4117647111415863,3700,1068.1764705882354,-0.001940326765179634,19,3699
5.6009948821156286e-06,-2.3005027770996094,19000,963,0.0007,-10.389805793762207,0.3888888955116272,3800,1035.111111111111,-0.00418228842318058,19,3799
9.091166248254012e-06,-2.3006043434143066,19500,996,0.0007,-94.71701049804688,0.42105263471603394,3900,1005.7368421052631,-0.00361563335172832,19,3899
5.817034076649463e-10,-2.300640106201172,20000,1044,0.0007,0.0,0.380952388048172,4000,948.5714285714286,-5.00278765684925e-05,19,3999
1.2677810445893556e-06,-2.300680160522461,20500,1073,0.0007,-612.4466552734375,0.3636363744735718,4100,920.9090909090909,0.000777459004893899,19,4099
7.137859192596352e-09,-2.3006927967071533,21000,1091,0.0007,0.0,0.3636363744735718,4200,920.9090909090909,0.0001925380202010274,19,4199
3.1112872278526993e-09,-2.300696849822998,21500,1112,0.0007,-21.43592643737793,0.3636363744735718,4300,920.9090909090909,2.4295877665281296e-06,19,4299
3.3550773270718537e-09,-2.300750494003296,22000,1130,0.0007,-22.54804229736328,0.3636363744735718,4400,920.9090909090909,-7.920802454464138e-05,19,4399
8.513194593717799e-09,-2.3008620738983154,22500,1147,0.0007,-54.69904327392578,0.3636363744735718,4500,920.9090909090909,0.00014616595581173897,19,4499
4.436503109328527e-10,-2.3009393215179443,23000,1161,0.0007,0.0,0.3636363744735718,4600,920.9090909090909,-4.416425508679822e-05,19,4599
1.6903941787993482e-11,-2.300905704498291,23500,1180,0.0007,0.0,0.3636363744735718,4700,920.9090909090909,-8.416602213401347e-06,19,4699
1.8380784894134194e-08,-2.3007407188415527,24000,1195,0.0007,-5292.51708984375,0.3636363744735718,4800,920.9090909090909,-0.000136287635541521,20,4799
1.962810802780268e-09,-2.30077862739563,24500,1227,0.0007,0.0,0.3478260934352875,4900,1054.7826086956522,-9.365595906274393e-05,19,4899
7.684600872304159e-11,-2.3007960319519043,25000,1259,0.0007,1.1920928955078125e-07,0.3333333432674408,5000,1030.4166666666667,1.837552190409042e-05,19,4999
1.8912560406647572e-10,-2.300588369369507,25500,1289,0.0007,0.0,0.3199999928474426,5100,1005.96,-2.8186626877868548e-05,19,5099
1.470043571316637e-07,-2.3002450466156006,26000,1319,0.0007,0.1994553804397583,0.3461538553237915,5200,990.0769230769231,-0.0007530787261202931,19,5199
1.8280890401456418e-07,-2.299260377883911,26500,1353,0.0007,-2.203354835510254,0.37037035822868347,5300,970.4074074074074,-0.0008299872279167175,19,5299
2.150856099128462e-12,-2.299210548400879,27000,1400,0.0007,0.0,0.3448275923728943,5400,930.551724137931,3.079533144045854e-06,19,5399
2.1496955326938405e-08,-2.299205780029297,27500,1431,0.0007,-305.2931823730469,0.3333333432674408,5500,914.8,-0.0001895680616144091,19,5499
7.206271170068224e-12,-2.2992472648620605,28000,1462,0.0007,0.0,0.32258063554763794,5600,899.0,5.553690243687015e-06,19,5599
2.116975792887388e-06,-2.29945707321167,28500,1492,0.0007,-1364.84326171875,0.34375,5700,884.25,-0.0019298826809972525,19,5699
4.1254392272094265e-05,-2.2970240116119385,29000,1520,0.0007,-9.571320533752441,0.3636363744735718,5800,870.7272727272727,0.013897189870476723,19,5799
9.24683718039887e-07,-2.2893290519714355,29500,1551,0.0007,-0.28158271312713623,0.38235294818878174,5900,859.1176470588235,-0.001887811697088182,19,5899
3.9553815440740436e-05,-1.264525055885315,30000,1581,0.0007,-5886.35205078125,0.4000000059604645,6000,851.0857142857143,-0.0017901683459058404,18,5999
2.120993121934589e-05,-0.5126842856407166,30500,1610,0.0007,-5.890368938446045,0.4166666567325592,6100,843.25,-0.0003452032688073814,18,6099
8.793531742412597e-05,-2.1134960651397705,31000,1642,0.0007,-98.49623107910156,0.4324324429035187,6200,828.3783783783783,-0.01586570218205452,18,6199
9.171257261186838e-06,-2.2493784427642822,31500,1688,0.0007,-4.48143196105957,0.4871794879436493,6300,806.3846153846154,0.006139078643172979,18,6299
2.6178361167694675e-06,-2.2704975605010986,32000,1701,0.0007,-13.630791664123535,0.4871794879436493,6400,806.3846153846154,-0.0009149610996246338,18,6399
7.408024202959496e-07,-2.2747490406036377,32500,1720,0.0007,-2.288508415222168,0.4871794879436493,6500,806.3846153846154,-0.0015802327543497086,18,6499
2.7551445782592054e-06,-2.2722511291503906,33000,1742,0.0007,-203.18655395507812,0.4871794879436493,6600,806.3846153846154,-0.0009077226859517395,18,6599
6.235148930500145e-07,-2.2723357677459717,33500,1760,0.0007,-121.05635070800781,0.4871794879436493,6700,806.3846153846154,-0.00011158650886500254,19,6699
1.2405687357386341e-06,-2.2712957859039307,34000,1777,0.0007,-42.20924758911133,0.4871794879436493,6800,806.3846153846154,-0.0024497867561876774,19,6799
2.9635150440299185e-06,-2.275679349899292,34500,1792,0.0007,-120.21926879882812,0.4871794879436493,6900,806.3846153846154,0.0032549675088375807,19,6899
2.809009856719058e-06,-2.270291566848755,35000,1803,0.0007,-19.43959617614746,0.4871794879436493,7000,806.3846153846154,-0.0035516838543117046,19,6999
1.920618615258718e-06,-2.250580310821533,35500,1840,0.0007,-211.94822692871094,0.4749999940395355,7100,886.225,-0.002526369644328952,19,7099
1.5859862969591632e-06,-2.257425308227539,36000,1853,0.0007,-36.131866455078125,0.4749999940395355,7200,886.225,-0.0020020168740302324,19,7199
1.2774315791830304e-06,-2.2551209926605225,36500,1872,0.0007,-686.3666381835938,0.4749999940395355,7300,886.225,-0.0023021416272968054,19,7299
1.5046830981191306e-07,-2.2652316093444824,37000,1889,0.0007,-1118.6943359375,0.4749999940395355,7400,886.225,-0.0007419343455694616,19,7399
8.001392188816681e-07,-2.26690673828125,37500,1911,0.0007,-44.29742431640625,0.4749999940395355,7500,886.225,0.001569410553202033,19,7499
1.9938923401241482e-08,-2.2728664875030518,38000,1924,0.0007,-32.1953239440918,0.4749999940395355,7600,886.225,3.5837427276419476e-05,19,7599
8.81097417249066e-09,-2.2761011123657227,38500,1943,0.0007,-7.409955024719238,0.4749999940395355,7700,886.225,0.00018471782095730305,19,7699
1.969924880995677e-07,-2.2766501903533936,39000,1957,0.0007,-157.3861846923828,0.4749999940395355,7800,886.225,0.00014697175356559455,19,7799
4.696997651931767e-11,-2.2756171226501465,39500,1991,0.0007,-0.026924610137939453,0.46341463923454285,7900,962.170731707317,-1.4411821211979259e-05,19,7899
5.203617092774948e-09,-2.281010389328003,40000,2006,0.0007,-321.3196716308594,0.46341463923454285,8000,962.170731707317,2.6732934202300385e-05,19,7999
1.175324393365429e-09,-2.28124737739563,40500,2023,0.0007,-3.2693309783935547,0.46341463923454285,8100,962.170731707317,3.720305539900437e-05,20,8099
4.159691258109888e-08,-2.280874729156494,41000,2045,0.0007,-15.757783889770508,0.46341463923454285,8200,962.170731707317,0.00026992795756086707,20,8199
6.1373213178228525e-09,-2.2812485694885254,41500,2062,0.0007,-2.7058074474334717,0.46341463923454285,8300,962.170731707317,-0.00017845678667072207,20,8299
8.046810329176424e-09,-2.2815370559692383,42000,2082,0.0007,-1.676527738571167,0.46341463923454285,8400,962.170731707317,-0.00017150651547126472,20,8399
1.2507556101937212e-09,-2.285006284713745,42500,2100,0.0007,-3.2452564239501953,0.46341463923454285,8500,962.170731707317,-5.113677980261855e-05,20,8499
3.6277578163712576e-12,-2.2828526496887207,43000,2121,0.0007,0.0,0.46341463923454285,8600,962.170731707317,3.7037202673673164e-06,20,8599
1.0458215239997348e-12,-2.284567356109619,43500,2154,0.0007,-0.44109225273132324,0.4523809552192688,8700,1034.5,-2.0719519397971453e-06,20,8699
1.9709542886658937e-09,-2.282519578933716,44000,2166,0.0007,-1.0985894203186035,0.4523809552192688,8800,1034.5,-7.32586340745911e-05,20,8799
1.9855426192094683e-09,-2.2871851921081543,44500,2195,0.0007,-1.1395065784454346,0.44186046719551086,8900,1023.4418604651163,-4.502715091803111e-05,20,8899
7.915863307061954e-07,-2.281801700592041,45000,2247,0.0007,0.44565439224243164,0.46666666865348816,9000,999.1111111111111,-0.002004222711548209,20,8999
6.783347544114804e-06,-2.2714622020721436,45500,2261,0.0007,-2.9000556468963623,0.46666666865348816,9100,999.1111111111111,-0.005101277958601713,20,9099
1.2598751709447242e-05,-2.274104595184326,46000,2290,0.0007,-238.74273681640625,0.47826087474823,9200,991.3695652173913,-0.006660169921815395,20,9199
2.5626050046412274e-05,-2.261807918548584,46500,2320,0.0007,-1.6378867626190186,0.4680851101875305,9300,979.5106382978723,-0.011456395499408245,20,9299
3.0021171824046178e-06,-2.223701000213623,47000,2352,0.0007,-4.247229099273682,0.4791666567325592,9400,969.8125,0.0007147641154006124,19,9399
1.4571835436072433e-06,-2.2485175132751465,47500,2402,0.0007,-117.9157943725586,0.47999998927116394,9500,949.72,-0.0010002288036048412,19,9499
8.337885333276063e-07,-2.245309352874756,48000,2416,0.0007,-604.8350219726562,0.47999998927116394,9600,949.72,-0.0014558632392436266,19,9599
1.6575561403442407e-06,-2.2508857250213623,48500,2432,0.0007,-58.40645980834961,0.47999998927116394,9700,949.72,0.0028212526813149452,19,9699
1.8634560206010065e-07,-2.2302215099334717,49000,2455,0.0007,-458.99859619140625,0.47999998927116394,9800,949.72,-0.0008124493760988116,19,9799
1.5144427933933002e-08,-2.228158950805664,49500,2470,0.0007,-77.65988159179688,0.47999998927116394,9900,949.72,6.188773841131479e-05,20,9899
5.798700541959079e-08,-2.2249369621276855,50000,2490,0.0007,-35.154666900634766,0.47999998927116394,10000,949.72,-0.0004573305486701429,20,9999
1.5128947552511818e-06,-2.2168266773223877,50500,2502,0.0007,-27.177629470825195,0.47999998927116394,10100,949.72,-0.002968302695080638,20,10099
2.804981136250717e-07,-2.223935604095459,51000,2519,0.0007,-32.08674240112305,0.47999998927116394,10200,949.72,0.0009283583494834602,20,10199
7.010289948539139e-08,-2.2323429584503174,51500,2548,0.0007,-326.3201904296875,0.47058823704719543,10300,1009.5294117647059,0.00039681006455793977,20,10299
1.4435881894314662e-06,-2.2742342948913574,52000,2577,0.0007,-0.827519416809082,0.48076921701431274,10400,999.9807692307693,-0.0022070403210818768,20,10399
7.051231023069704e-06,-2.276130199432373,52500,2612,0.0007,-2.419257640838623,0.4716981053352356,10500,990.4150943396227,0.0026115248911082745,20,10499
3.764523910376738e-07,-2.2735698223114014,53000,2643,0.0007,-20.709522247314453,0.46296295523643494,10600,980.4629629629629,-0.0014222079189494252,20,10599
8.939765621107654e-07,-2.2752883434295654,53500,2674,0.0007,-146596.90625,0.4545454680919647,10700,969.3090909090909,0.0021768088918179274,20,10699
2.9694481781916693e-05,-2.2601852416992188,54000,2702,0.0007,-21.690950393676758,0.4642857015132904,10800,960.8928571428571,-0.01249627210199833,19,10799
4.677999640989583e-06,-2.2533328533172607,54500,2732,0.0007,-13.286659240722656,0.4736842215061188,10900,952.4561403508771,0.00010627824667608365,19,10899
4.9277373364020605e-06,-2.2475059032440186,55000,2760,0.0007,0.674181342124939,0.48275861144065857,11000,946.8448275862069,-0.00499334279447794,19,10999
7.266762258950621e-05,-2.233757734298706,55500,2772,0.0007,-27.021568298339844,0.48275861144065857,11100,946.8448275862069,-0.016918230801820755,20,11099
3.70891866623424e-05,-2.2170488834381104,56000,2803,0.0007,-4.674973011016846,0.508474588394165,11200,941.0,-0.011506851762533188,19,11199
5.290656190481968e-06,-2.213033676147461,56500,2838,0.0007,-1.2664353847503662,0.5166666507720947,11300,933.9833333333333,-0.0015207999385893345,19,11299
1.1440535672591068e-05,-2.1937403678894043,57000,2872,0.0007,-7.696902275085449,0.5245901346206665,11400,927.9016393442623,-0.006298837251961231,19,11399
4.693696155300131e-06,-2.2362732887268066,57500,2892,0.0007,-290.0793762207031,0.5245901346206665,11500,927.9016393442623,-0.0005747816758230329,19,11499
6.299729875536286e-07,-2.228175163269043,58000,2908,0.0007,-898.7164306640625,0.5245901346206665,11600,927.9016393442623,-0.0009846336906775832,19,11599
7.822864063200541e-07,-2.2203824520111084,58500,2922,0.0007,-48.32354736328125,0.5245901346206665,11700,927.9016393442623,-0.0017241928726434708,20,11699
2.4151160005203565e-07,-2.208812713623047,59000,2937,0.0007,-13.96507453918457,0.5245901346206665,11800,927.9016393442623,0.00032354993163608015,20,11799
4.886263695880189e-07,-2.2051801681518555,59500,2954,0.0007,-651.3980712890625,0.5245901346206665,11900,927.9016393442623,0.0013672037748619914,20,11899
1.0480944183655083e-06,-2.223099946975708,60000,2971,0.0007,-957.9779663085938,0.5245901346206665,12000,927.9016393442623,-0.001621308154426515,20,11999
3.3886058758980653e-07,-2.236278772354126,60500,2985,0.0007,-30.182870864868164,0.5245901346206665,12100,927.9016393442623,-0.0010577961802482605,20,12099
2.534829491196433e-06,-2.181891441345215,61000,3023,0.0007,-1.421570062637329,0.5161290168762207,12200,977.4516129032259,-0.003408889751881361,20,12199
5.536447815757128e-07,-2.181142807006836,61500,3057,0.0007,-111.99584197998047,0.523809552192688,12300,969.8888888888889,-0.0008936945232562721,20,12299
2.92779247956787e-07,-2.185875415802002,62000,3069,0.0007,-225.98092651367188,0.523809552192688,12400,969.8888888888889,0.00025326161994598806,20,12399
4.810348173123202e-07,-2.1693129539489746,62500,3083,0.0007,-25.81351661682129,0.523809552192688,12500,969.8888888888889,-0.00010309517529094592,20,12499
9.235897380222013e-08,-2.181123733520508,63000,3094,0.0007,-1402.9522705078125,0.523809552192688,12600,969.8888888888889,-0.0002724176156334579,20,12599
2.6722096890807734e-07,-2.1795172691345215,63500,3108,0.0007,-11.313348770141602,0.523809552192688,12700,969.8888888888889,-0.0010222223354503512,20,12699
1.1527954768553172e-07,-2.1715846061706543,64000,3122,0.0007,-57.285213470458984,0.523809552192688,12800,969.8888888888889,-0.000726203084923327,20,12799
2.4323799152625725e-07,-2.1761887073516846,64500,3135,0.0007,-4.100335597991943,0.523809552192688,12900,969.8888888888889,-0.000976569252088666,20,12899
1.2269359785932465e-06,-2.1822285652160645,65000,3152,0.0007,-259.90521240234375,0.523809552192688,13000,969.8888888888889,-0.0020158884581178427,20,12999
6.785795267205685e-05,-1.9619985818862915,65500,3181,0.0007,-4.572582244873047,0.515625,13100,1017.234375,-0.013880452141165733,20,13099
2.4435209979856154e-06,-2.0775961875915527,66000,3209,0.0007,-0.04602956771850586,0.5538461804389954,13200,1009.5230769230769,-0.0021695031318813562,20,13199
6.6892762333736755e-06,-2.1005778312683105,66500,3238,0.0007,-0.6326727867126465,0.560606062412262,13300,1002.0454545454545,-0.004333467222750187,20,13299
5.79601919525885e-06,-2.100501537322998,67000,3268,0.0007,-0.2488013505935669,0.5671641826629639,13400,993.2388059701492,0.0028605577535927296,20,13399
1.5681060176575556e-05,-2.110642194747925,67500,3297,0.0007,-3.5661678314208984,0.5882353186607361,13500,989.6470588235294,-0.007635151036083698,20,13499
0.19769297540187836,-2.210660457611084,68000,3325,0.0007,-0.004289031028747559,0.5942028760910034,13600,982.0289855072464,0.2626606225967407,20,13599
3.076723442063667e-05,-2.1047332286834717,68500,3352,0.0007,-78.71170043945312,0.6000000238418579,13700,975.9428571428572,-0.004602786153554916,20,13699
0.0005614681867882609,-1.956195592880249,69000,3378,0.0007,-2.129375696182251,0.6056337952613831,13800,971.7183098591549,-0.020385688170790672,20,13799
2.3520758986705914e-05,-1.921669602394104,69500,3390,0.0007,-17.164371490478516,0.6056337952613831,13900,971.7183098591549,-0.0038672357331961393,20,13899
4.893735422228929e-06,-1.7780977487564087,70000,3417,0.0007,-7.579859733581543,0.6111111044883728,14000,965.5138888888889,-0.0010372649412602186,20,13999
4.91613827762194e-05,-1.962302803993225,70500,3444,0.0007,-4.338281631469727,0.6164383292198181,14100,959.1917808219179,-0.011765552684664726,20,14099
2.630752987897722e-06,-1.9080040454864502,71000,3488,0.0007,-4.499134063720703,0.6266666650772095,14200,946.6266666666667,-0.0011279754107818007,20,14199
1.0914764061453752e-05,-1.8091846704483032,71500,3516,0.0007,-2782.74365234375,0.6315789222717285,14300,940.2631578947369,-0.0005719017353840172,20,14299
1.8320964727536193e-06,-1.8311779499053955,72000,3526,0.0007,-0.13462603092193604,0.6315789222717285,14400,940.2631578947369,-0.002662396989762783,20,14399
3.805170126724988e-05,-1.6046959161758423,72500,3553,0.0007,-13.405204772949219,0.649350643157959,14500,936.4545454545455,-0.00975245051085949,20,14499
1.4357996406033635e-05,-1.6133689880371094,73000,3585,0.0007,-2.5155293941497803,0.6538461446762085,14600,930.9615384615385,-0.003823100356385112,20,14599
2.965406747534871e-05,-1.718691110610962,73500,3612,0.0007,-5.35270881652832,0.6582278609275818,14700,925.3417721518987,-0.006393502466380596,20,14699
3.5472244235279504e-06,-1.730839729309082,74000,3639,0.0007,-1.774878978729248,0.6625000238418579,14800,922.025,-0.0013002529740333557,20,14799
8.08783806860447e-06,-1.6729118824005127,74500,3667,0.0007,-119.24783325195312,0.6666666865348816,14900,919.0987654320987,0.0040954528376460075,20,14899
3.6503381124930456e-05,-1.6964972019195557,75000,3678,0.0007,-3.811920642852783,0.6666666865348816,15000,919.0987654320987,-0.009933196008205414,20,14999
6.030718395777512e-06,-1.6633243560791016,75500,3705,0.0007,-2.7466366291046143,0.6707317233085632,15100,914.7317073170732,-0.0038139745593070984,20,15099
2.1700168872484937e-05,-1.772033929824829,76000,3732,0.0007,-8.667333602905273,0.6746987700462341,15200,910.3373493975904,-0.003237177850678563,20,15199
1.628961763344705e-05,-1.633421540260315,76500,3760,0.0007,-17.198246002197266,0.6785714030265808,15300,905.8333333333334,-0.002244803588837385,20,15299
6.710628804285079e-05,-1.3421249389648438,77000,3787,0.0007,-5.951468467712402,0.6823529601097107,15400,901.964705882353,-0.009430385194718838,20,15399
2.3398333723889664e-05,-1.072127103805542,77500,3813,0.0007,-169.7529296875,0.6860465407371521,15500,898.1860465116279,-0.002644370077177882,20,15499
3.570635044525261e-06,-1.356532335281372,78000,3840,0.0007,-29.95157814025879,0.6896551847457886,15600,894.6551724137931,-0.001719289692118764,20,15599
1.158427676273277e-05,-1.5956943035125732,78500,3867,0.0007,-38.93809127807617,0.6931818127632141,15700,889.7840909090909,1.7302856576861814e-05,20,15699
2.8936396120116115e-05,-1.764216661453247,79000,3894,0.0007,-709.7151489257812,0.6966292262077332,15800,886.3483146067416,-0.005435252096503973,20,15799
7.306961833819514e-06,-1.5488977432250977,79500,3921,0.0007,-23.721281051635742,0.699999988079071,15900,881.7555555555556,-0.0030406557489186525,20,15899
3.4551212593214586e-05,-2.091252326965332,80000,3948,0.0007,-59.74235153198242,0.7032967209815979,16000,877.6483516483516,-0.008587723597884178,20,15999
5.518346824828768e-06,-1.8688383102416992,80500,3959,0.0007,-0.6162979602813721,0.7032967209815979,16100,877.6483516483516,0.0017230663215741515,20,16099
1.4830128748144489e-05,-0.6336262822151184,81000,3990,0.0007,-6018.89501953125,0.717391312122345,16200,875.0108695652174,-0.0014150957576930523,20,16199
2.071789094770793e-05,-2.0567851066589355,81500,4017,0.0007,-4.161473274230957,0.7204301357269287,16300,871.7849462365591,-0.0048318044282495975,20,16299
8.816301124170423e-05,-2.006329298019409,82000,4044,0.0007,-2.229618549346924,0.7234042286872864,16400,868.8191489361702,-0.017929863184690475,20,16399
0.00022144216927699745,-2.031785249710083,82500,4072,0.0007,-19.924911499023438,0.7263157963752747,16500,865.6631578947369,-0.028487667441368103,20,16499
3.878109419019893e-05,-1.9844019412994385,83000,4099,0.0007,-10.175561904907227,0.7291666865348816,16600,861.9479166666666,0.009267086163163185,20,16599
0.0006277222419157624,-1.76250422000885,83500,4126,0.0007,-15.770124435424805,0.7319587469100952,16700,857.1752577319587,-0.03693944215774536,20,16699
0.0008283184724859893,-0.1564764529466629,84000,4153,0.0007,-576.462646484375,0.7346938848495483,16800,854.265306122449,0.03947486728429794,20,16799
5.365485412767157e-05,-0.2256854772567749,84500,4180,0.0007,0.5380898714065552,0.7373737096786499,16900,850.3838383838383,-0.00028344191377982497,20,16899
4.4419859477784485e-05,-0.0014265559148043394,85000,4214,0.0007,-3.458972930908203,0.7400000095367432,17000,847.41,4.591038873513753e-07,20,16999
4.779661821885384e-07,-0.004434461705386639,85500,4225,0.0007,-12.779205322265625,0.7400000095367432,17100,847.41,4.5706428863923065e-08,20,17099
4.2520841248006036e-07,-0.007969921454787254,86000,4236,0.0007,-0.17737746238708496,0.7400000095367432,17200,847.41,-5.036247330281185e-07,20,17199
1.4331350257634767e-06,-0.02880798652768135,86500,4247,0.0007,-26.425004959106445,0.7400000095367432,17300,847.41,3.0300122944026953e-06,20,17299
2.1328138245735317e-05,-1.20291268825531,87000,4258,0.0007,-1178.295166015625,0.7400000095367432,17400,847.41,-0.0015073376707732677,20,17399
2.3244512703968212e-05,-2.2710518836975098,87500,4286,0.0007,-6.115921497344971,0.75,17500,870.29,0.009810221381485462,20,17499
6.559639587067068e-06,-0.2689589560031891,88000,4316,0.0007,-5599.3095703125,0.7599999904632568,17600,835.2,-6.996581942075863e-05,20,17599
0.5875800251960754,-0.03138041868805885,88500,4352,0.0007,-0.007720589637756348,0.7699999809265137,17700,799.35,0.0024267297703772783,20,17699
1.6448848327854648e-06,-0.47094887495040894,89000,4382,0.0007,-3.3027563095092773,0.7799999713897705,17800,799.16,-3.21310872095637e-05,20,17799
1.545142731629312e-05,-0.04026605933904648,89500,4409,0.0007,-2.0363831520080566,0.7900000214576721,17900,764.58,-9.089861123356968e-06,20,17899
5.540733582165558e-06,-1.212730050086975,90000,4436,0.0007,-2.977303981781006,0.800000011920929,18000,765.38,-0.004280609078705311,20,17999
2.330176175746601e-05,-1.0503836870193481,90500,4463,0.0007,-0.8170698881149292,0.8199999928474426,18100,766.32,-0.004496521782130003,20,18099
3.7818558666913304e-06,-0.8703409433364868,91000,4490,0.0007,-57.387672424316406,0.8199999928474426,18200,767.82,1.615148357814178e-05,20,18199
4.1699917119331076e-07,-0.7328365445137024,91500,4517,0.0007,-1.3772718906402588,0.8199999928474426,18300,767.56,-0.00010219454998150468,20,18299
0.3951024115085602,-0.7955516576766968,92000,4544,0.0007,-0.0008205175399780273,0.8199999928474426,18400,766.59,0.07069041579961777,20,18399
2.772674179141177e-06,-0.4265252947807312,92500,4571,0.0007,-4364.73291015625,0.8299999833106995,18500,767.95,7.310113869607449e-05,20,18499
5.42677938142333e-08,-0.6221882700920105,93000,4597,0.0007,0.46154385805130005,0.8299999833106995,18600,768.57,-2.8524469598778524e-05,20,18599
8.19139586383244e-07,-0.31074994802474976,93500,4624,0.0007,-15.87925910949707,0.8299999833106995,18700,770.51,-4.3182553781662136e-05,20,18699
7.656741217942908e-06,-0.06985385715961456,94000,4662,0.0007,-2963.613037109375,0.8399999737739563,18800,769.14,1.9870043615810573e-05,20,18799
1.585795246228372e-07,-0.02814674936234951,94500,4702,0.0007,-48.03502655029297,0.8399999737739563,18900,768.34,5.685769792762585e-07,20,18899
2.107974523823941e-06,-0.012540784664452076,95000,4728,0.0007,-77.44628143310547,0.8399999737739563,19000,768.34,1.5212224298011279e-06,20,18999
4.831225851376075e-06,-0.013342374935746193,95500,4753,0.0007,-76.01277923583984,0.8399999737739563,19100,768.34,2.780993327178294e-06,20,19099
2.73707229325737e-07,-0.017345910891890526,96000,4779,0.0007,-296.45489501953125,0.8399999737739563,19200,768.34,-1.910414511030467e-07,20,19199
2.9631192433043907e-07,-0.020421380177140236,96500,4804,0.0007,-1235.7557373046875,0.8399999737739563,19300,768.34,-7.275907591974828e-07,20,19299
1.53096771100536e-05,-2.2733874320983887,97000,4845,0.0007,-53.71382141113281,0.8500000238418579,19400,791.45,0.0051379879005253315,20,19399
9.415408612767351e-07,-0.07968678325414658,97500,4873,0.0007,-44.981868743896484,0.8600000143051147,19500,792.66,3.647236781034735e-06,20,19499
1.5044809060782427e-06,-0.2087063044309616,98000,4908,0.0007,0.3592023253440857,0.8700000047683716,19600,793.05,-3.998135798610747e-05,19,19599
2.3188722479972057e-05,-0.07652443647384644,98500,4948,0.0007,0.006331086158752441,0.8700000047683716,19700,791.3,-4.4562788389157504e-05,19,19699
3.256890295233461e-06,-0.11042450368404388,99000,5001,0.0007,0.3399772644042969,0.8899999856948853,19800,789.81,-2.6408515623188578e-05,19,19799
6.393420335371047e-05,-0.03588484227657318,99500,5043,0.0007,-0.1755310297012329,0.9100000262260437,19900,790.61,-3.0715385946678e-05,19,19899
7.144505616452079e-06,-0.11352558434009552,100000,5098,0.0007,0.03616291284561157,0.9300000071525574,20000,752.13,-3.858846685034223e-05,19,19999
1.1917412621187395e-06,-0.025858774781227112,100500,5137,0.0007,-0.2066347599029541,0.9399999976158142,20100,751.21,-2.846772531484021e-06,19,20099
1.4192363551046583e-07,-0.025172140449285507,101000,5163,0.0007,-2229.353271484375,0.9399999976158142,20200,751.21,-6.868940545246005e-07,19,20199
7.396927514946583e-08,-0.025389352813363075,101500,5188,0.0007,-1826.45947265625,0.9399999976158142,20300,751.21,-4.3714825892493536e-07,19,20299
4.6130160802348996e-10,-0.02364661917090416,102000,5213,0.0007,-0.032176971435546875,0.9399999976158142,20400,751.21,-5.3539235267408e-08,19,20399
3.913064006155764e-08,-0.023552419617772102,102500,5238,0.0007,-58.003631591796875,0.9399999976158142,20500,751.21,3.315404342174588e-07,19,20499
3.5281525470054476e-06,-0.10034491866827011,103000,5279,0.0007,-0.23106861114501953,0.9399999976158142,20600,772.44,-0.0005762670771218836,19,20599
4.401041753254731e-09,-0.1404481828212738,103500,5297,0.0007,0.07208645343780518,0.9399999976158142,20700,772.44,-1.2684236025961582e-06,19,20699
9.538724725643988e-07,-0.1574229747056961,104000,5324,0.0007,-0.06760561466217041,0.9399999976158142,20800,777.45,-2.057531128230039e-05,19,20799
1.0489497981325258e-07,-0.12418444454669952,104500,5368,0.0007,-523.92236328125,0.9399999976158142,20900,777.98,0.00016457686433568597,19,20899
1.1032519751097425e-06,-0.20151758193969727,105000,5408,0.0007,-0.1489717960357666,0.949999988079071,21000,779.08,-2.907230009441264e-05,19,20999
6.988794893914019e-07,-0.11502759158611298,105500,5444,0.0007,-0.10459601879119873,0.9599999785423279,21100,779.35,-1.2066716408298817e-05,19,21099
4.618175353243714e-07,-0.12107463926076889,106000,5479,0.0007,-0.3904820680618286,0.9700000286102295,21200,779.76,-0.0007357676513493061,19,21199
1.2238789395269123e-06,-0.13175734877586365,106500,5519,0.0007,0.2509351372718811,0.9700000286102295,21300,779.72,-1.9268554751761258e-05,19,21299
2.2148571588331833e-05,-0.06909321248531342,107000,5559,0.0007,0.2695126533508301,0.9700000286102295,21400,781.06,-3.954682688345201e-05,19,21399
8.267731573141646e-06,-0.06206575781106949,107500,5613,0.0007,0.1920810341835022,0.9700000286102295,21500,776.18,-0.004403990227729082,19,21499
4.43509725300828e-06,-0.05349552631378174,108000,5653,0.0007,-0.33534467220306396,0.9800000190734863,21600,773.52,-1.2477919881348498e-05,19,21599
3.618532105065242e-07,-0.05178391933441162,108500,5678,0.0007,-12.118922233581543,0.9800000190734863,21700,773.52,-2.0661022972490173e-06,19,21699
2.0437808245787892e-07,-0.05431168153882027,109000,5704,0.0007,-1408.3758544921875,0.9800000190734863,21800,773.52,1.4574671070022305e-07,19,21799
1.5277444617822766e-05,-0.05970920994877815,109500,5729,0.0007,0.09600627422332764,0.9800000190734863,21900,773.52,-2.6859252102440223e-05,19,21899
2.1953224859316833e-05,-0.09490517526865005,110000,5769,0.0007,-0.41969895362854004,0.9900000095367432,22000,789.2,-5.275588046060875e-05,19,21999
1.6069319030975748e-07,-0.07800993323326111,110500,5809,0.0007,0.19354993104934692,0.9900000095367432,22100,789.93,-2.7808941922558006e-06,19,22099
1.2946288734383415e-05,-0.0989813506603241,111000,5864,0.0007,-0.04950404167175293,1.0,22200,755.19,-4.366363646113314e-05,18,22199
5.125013444740034e-07,-0.10712604224681854,111500,5882,0.0007,-0.1744593381881714,1.0,22300,755.19,-9.723660696181469e-06,18,22299
5.367411176848691e-06,-0.0818479061126709,112000,5892,0.0007,-0.16907930374145508,1.0,22400,755.19,-1.970085759239737e-05,19,22399
3.9706105781078804e-07,-0.030480723828077316,112500,5928,0.0007,-46.5191535949707,1.0099999904632568,22500,726.72,-6.739304581060424e-07,18,22499
6.897716048115399e-06,-0.04582167789340019,113000,5968,0.0007,-9.72279167175293,1.0199999809265137,22600,693.15,-1.2381618034851272e-05,18,22599
1.3342180693598493e-07,-0.058929443359375,113500,6007,0.0007,0.3633887767791748,1.0299999713897705,22700,694.22,1.620866214580019e-06,18,22699
8.818981768854428e-06,-0.056466471403837204,114000,6047,0.0007,0.6127071380615234,1.0499999523162842,22800,693.49,-0.005036461632698774,18,22799
3.60393023584038e-05,-0.04123470187187195,114500,6087,0.0007,0.024986207485198975,1.0499999523162842,22900,692.84,-2.750241219473537e-05,18,22899
1.2103434983146144e-06,-0.06363364309072495,115000,6126,0.0007,-3.805314064025879,1.0499999523162842,23000,689.91,-2.636738599903765e-06,18,22999
1.5373581845778972e-05,-0.06034431979060173,115500,6152,0.0007,-2403656.75,1.0499999523162842,23100,689.91,5.051889274909627e-06,18,23099
1.542851919111854e-06,-0.0741230845451355,116000,6189,0.0007,-1.6286096572875977,1.059999942779541,23200,696.01,-1.0626394214341417e-05,18,23199
2.7353714813216357e-06,-0.16720138490200043,116500,6231,0.0007,-0.3223830461502075,1.0700000524520874,23300,698.33,1.732307100610342e-05,18,23299
2.7906507966690697e-05,-0.04733632877469063,117000,6271,0.0007,-0.9628472328186035,1.0700000524520874,23400,696.65,-2.3136610252549872e-05,18,23399
2.923769898188766e-05,-0.06514371931552887,117500,6325,0.0007,-4.2947235107421875,1.090000033378601,23500,658.85,0.01370933372527361,18,23499
1.7784339434001595e-05,-0.11017195880413055,118000,6365,0.0007,-94.77244567871094,1.090000033378601,23600,659.25,-1.0886067684623413e-05,18,23599
9.96809103526175e-05,-0.014983588829636574,118500,6405,0.0007,-1.4641597270965576,1.100000023841858,23700,657.94,-1.1110637387901079e-05,18,23699
3.2978998660837533e-06,-0.029210424050688744,119000,6460,0.0007,-90.79204559326172,1.1299999952316284,23800,655.19,-3.4237539239256876e-06,18,23799
1.5898245919743204e-06,-3.1135132303461432e-06,119500,6485,0.0007,-3.4714508056640625,1.1299999952316284,23900,655.19,-0.0,18,23899
1.6786285641501308e-06,-1.484997665102128e-05,120000,6510,0.0007,-3180.23974609375,1.1299999952316284,24000,655.19,-1.0535339267647714e-09,18,23999
1.9942478957091225e-06,-0.00020968289754819125,120500,6537,0.0007,-32.618343353271484,1.1299999952316284,24100,655.19,5.344819253849664e-09,18,24099
2.0894538010907127e-06,-0.0019176371861249208,121000,6563,0.0007,-119.00326538085938,1.1299999952316284,24200,655.19,-1.3364956430450547e-07,18,24199
1.4347587011798169e-06,-0.006046497728675604,121500,6588,0.0007,-12.70948600769043,1.1299999952316284,24300,655.19,5.9021250109481116e-08,18,24299
4.20917649535113e-06,-0.09151369333267212,122000,6614,0.0007,-45.42026138305664,1.1299999952316284,24400,655.19,2.3680036974838004e-05,18,24399
3.059621349166264e-06,-0.18565937876701355,122500,6651,0.0007,-62.9816780090332,1.1299999952316284,24500,685.98,8.389594086111174e-07,18,24499
6.095137905504089e-06,-0.0013788718497380614,123000,6676,0.0007,-67.1496810913086,1.1299999952316284,24600,685.98,2.061200774505778e-07,18,24599
7.708920747973025e-06,-0.0029146727174520493,123500,6702,0.0007,-14.181235313415527,1.1299999952316284,24700,685.98,-3.7159847465773055e-07,18,24699
1.186758026960888e-06,-1.0991009276040131e-06,124000,6727,0.0007,-8.155450820922852,1.1299999952316284,24800,685.98,-0.0,18,24799
2.1343444132071454e-06,-0.043935827910900116,124500,6767,0.0007,-926.1217041015625,1.1299999952316284,24900,699.49,-4.6844661483191885e-06,18,24899
1.5536483260802925e-05,-0.038594163954257965,125000,6792,0.0007,-0.04186356067657471,1.1299999952316284,25000,699.49,-1.3643546481034718e-05,18,24999
8.257608214989887e-07,-0.061488669365644455,125500,6832,0.0007,-2.431755542755127,1.1399999856948853,25100,701.64,5.277848345031089e-07,18,25099
1.996871651499532e-05,-0.051751136779785156,126000,6849,0.0007,-7.906318664550781,1.1399999856948853,25200,701.64,2.461348776705563e-05,18,25199
1.3961255717731547e-05,-0.06932942569255829,126500,6888,0.0007,-1.2916319370269775,1.1299999952316284,25300,704.91,-2.4297236450365745e-05,18,25299
2.62973117060028e-06,-0.07979986816644669,127000,6930,0.0007,-14.71928596496582,1.1299999952316284,25400,705.29,-1.3710959478885343e-07,18,25399
7.450805128428328e-07,-0.3489844799041748,127500,6970,0.0007,-3.9055824279785156,1.1299999952316284,25500,704.94,1.2366220289550256e-05,18,25499
1.61510044449642e-07,-0.08195419609546661,128000,6999,0.0007,-4.594615459442139,1.1399999856948853,25600,673.38,4.116626769246068e-06,18,25599
1.3628409760713112e-06,-0.09445401281118393,128500,7039,0.0007,0.05582129955291748,1.1399999856948853,25700,671.31,-1.341514871455729e-05,18,25699
6.551500064233551e-06,-0.06856540590524673,129000,7055,0.0007,-140.13604736328125,1.1399999856948853,25800,671.31,1.98163979803212e-05,18,25799
3.3861753763630986e-05,-0.0795736312866211,129500,7108,0.0007,-12.50684928894043,1.1299999952316284,25900,638.06,-5.026206054026261e-05,18,25899
7.378158102255838e-07,-0.06445817649364471,130000,7152,0.0007,-46.88459396362305,1.1299999952316284,26000,635.55,3.1959388024915825e-07,18,25999
1.9197145775251556e-06,-0.07180808484554291,130500,7165,0.0007,-169.08782958984375,1.1299999952316284,26100,635.55,-0.002212162595242262,18,26099
1.062691899278434e-05,-0.11539079248905182,131000,7196,0.0007,-0.07045364379882812,1.1299999952316284,26200,643.16,-4.4753047404810786e-05,18,26199
6.841065101070853e-07,-0.18294697999954224,131500,7233,0.0007,-0.1728755235671997,1.1200000047683716,26300,637.8,-9.303021215600893e-06,18,26299
4.222058123559691e-05,-1.5248275995254517,132000,7265,0.0007,-869.9549560546875,1.1200000047683716,26400,641.23,-0.004738085903227329,18,26399
4.212018029647879e-05,-2.1916346549987793,132500,7293,0.0007,-16.222620010375977,1.1200000047683716,26500,641.16,-0.015132078900933266,18,26499
3.089645815634867e-06,-1.9354041814804077,133000,7324,0.0007,-2.3567240238189697,1.1200000047683716,26600,639.69,-0.0030400536488741636,18,26599
0.00012080592568963766,-0.21869754791259766,133500,7335,0.0007,-43.28158187866211,1.1200000047683716,26700,639.69,0.00026443315437063575,18,26699
6.478275622612273e-07,-0.043725304305553436,134000,7373,0.0007,-31.66693115234375,1.1200000047683716,26800,640.52,-3.2433592878078343e-06,18,26799
5.612737004412338e-05,-0.8254343271255493,134500,7408,0.0007,-13.764111518859863,1.1200000047683716,26900,642.13,-0.006450913846492767,18,26899
5.455940936371917e-06,-1.011406660079956,135000,7437,0.0007,-3.2154088020324707,1.1200000047683716,27000,643.17,0.004132858011871576,18,26999
1.5137737136683427e-05,-2.040980815887451,135500,7467,0.0007,-48.48157501220703,1.1200000047683716,27100,643.61,-0.0007919733179733157,18,27099
1.2431928553269245e-05,-1.455723762512207,136000,7489,0.0007,-106.20816040039062,1.1200000047683716,27200,643.61,0.001879337476566434,18,27199
2.4932640371844172e-05,-1.761043906211853,136500,7501,0.0007,-215.7541961669922,1.1200000047683716,27300,643.61,-0.0096273859962821,18,27299
9.833933290792629e-06,-2.1137189865112305,137000,7516,0.0007,-56.59547805786133,1.1200000047683716,27400,643.61,0.0019161306554451585,18,27399
7.342795470322017e-06,-2.2430408000946045,137500,7529,0.0007,-64.17277526855469,1.1200000047683716,27500,643.61,0.0030495862010866404,18,27499
1.780879415491654e-06,-1.870920181274414,138000,7550,0.0007,-137.9727020263672,1.1200000047683716,27600,643.61,0.0002713956928346306,18,27599
3.682862370624207e-06,-2.214919090270996,138500,7566,0.0007,-0.8952418565750122,1.1200000047683716,27700,643.61,0.004219669848680496,18,27699
5.1480815272952896e-06,-2.0498909950256348,139000,7578,0.0007,-70.49807739257812,1.1200000047683716,27800,643.61,-0.0028728782199323177,18,27799
8.42688109514711e-07,-0.1791437268257141,139500,7607,0.0007,-2268.88427734375,1.1100000143051147,27900,678.98,-1.0265066663350808e-07,18,27899
1.6013189451768994e-05,-0.0824827253818512,140000,7647,0.0007,0.03413289785385132,1.1100000143051147,28000,678.25,-3.9764880057191476e-05,18,27999
1.817465090425685e-06,-0.10123072564601898,140500,7686,0.0007,0.0,1.1100000143051147,28100,676.79,-1.694490492809564e-05,18,28099
3.3449105103500187e-06,-0.07386522740125656,141000,7726,0.0007,-0.00043642520904541016,1.1100000143051147,28200,676.79,-1.5944577171467245e-05,18,28199
3.268416548962705e-06,-0.07210332900285721,141500,7765,0.0007,0.24060261249542236,1.1100000143051147,28300,676.38,-1.5765694115543738e-05,18,28299
1.6450820794489118e-07,-0.06788896024227142,142000,7777,0.0007,0.0,1.1100000143051147,28400,676.38,-3.2080358778330265e-06,18,28399
1.6158070366145694e-06,-0.06870893388986588,142500,7806,0.0007,1.1920928955078125e-07,1.1100000143051147,28500,679.4,-1.0185212886426598e-05,18,28499
2.797997922243667e-06,-0.06152978539466858,143000,7852,0.0007,-0.002603292465209961,1.1100000143051147,28600,677.69,-1.1795817044912837e-05,18,28599
9.565494707430844e-08,-0.06151558831334114,143500,7877,0.0007,-0.023213982582092285,1.1100000143051147,28700,677.69,-2.1900059437029995e-06,18,28699
9.123946043132491e-10,-0.06126744672656059,144000,7901,0.0007,5.960464477539063e-08,1.1100000143051147,28800,677.69,-2.121228135365527e-07,18,28799
1.2164048712293152e-05,-0.058356236666440964,144500,7943,0.0007,1.1920928955078125e-07,1.1100000143051147,28900,685.72,-2.312772994628176e-05,18,28899
1.2302511095185764e-05,-0.05679059773683548,145000,7999,0.0007,1.1920928955078125e-07,1.1200000047683716,29000,682.82,-0.0016442385967820883,18,28999
1.5304773341995315e-06,-0.05721886083483696,145500,8025,0.0007,0.0,1.1200000047683716,29100,682.82,-8.009579687495716e-06,18,29099
2.60426122622448e-06,-0.04351070523262024,146000,8068,0.0007,0.03959232568740845,1.1200000047683716,29200,686.12,-7.66230823501246e-06,18,29199
2.073392170132138e-05,-0.056379079818725586,146500,8109,0.0007,-0.5903840065002441,1.1200000047683716,29300,683.89,-2.7236183086642995e-05,18,29299
3.662300150608644e-05,-0.060123931616544724,147000,8164,0.0007,-0.2689734697341919,1.1299999952316284,29400,679.12,-3.536093936418183e-05,18,29399
2.7182939447811805e-05,-0.036603543907403946,147500,8220,0.0007,-1.0606133937835693,1.1299999952316284,29500,675.19,-1.97952122107381e-05,17,29499
9.686026714916807e-06,-0.057937949895858765,148000,8274,0.0007,-18.16888427734375,1.1200000047683716,29600,668.76,1.9611188690760173e-05,17,29599
6.036548256815877e-06,-0.028998542577028275,148500,8299,0.0007,-141.22494506835938,1.1200000047683716,29700,668.76,-5.125682491780026e-06,17,29699
2.8831418603658676e-06,-0.0523434579372406,149000,8325,0.0007,-80.570068359375,1.1200000047683716,29800,668.76,-1.2406158589328697e-07,17,29799
1.8377273590886034e-05,-0.022119615226984024,149500,8351,0.0007,-0.16219019889831543,1.1200000047683716,29900,668.76,-1.0023469258158002e-05,17,29899
6.691448106721509e-06,-0.02131388708949089,150000,8405,0.0007,-0.0496828556060791,1.1200000047683716,30000,676.78,-5.415105988504365e-06,17,29999
5.796139157610014e-05,-0.05187853053212166,150500,8447,0.0007,-14.738330841064453,1.1200000047683716,30100,677.53,-2.8839702281402424e-05,17,30099
8.522672032995615e-06,-0.0515408031642437,151000,8489,0.0007,-0.7474925518035889,1.1200000047683716,30200,676.62,1.6003967175493017e-05,17,30199
1.1304166037007235e-05,-0.08445988595485687,151500,8528,0.0007,-66.13131713867188,1.1200000047683716,30300,673.52,-3.454406760283746e-05,17,30299
6.020669388817623e-06,-1.8331722021102905,152000,8567,0.0007,-9.931314468383789,1.1299999952316284,30400,677.02,-0.0011446677381172776,17,30399
1.0936207218037453e-05,-0.045053549110889435,152500,8606,0.0007,0.12210714817047119,1.1299999952316284,30500,674.9,-1.6877515008673072e-05,17,30499
5.475344369187951e-05,-0.026444679126143456,153000,8663,0.0007,-2.422123908996582,1.1200000047683716,30600,648.96,-1.8967992218676955e-05,17,30599
1.7546128219692037e-05,-0.4276374876499176,153500,8718,0.0007,-5.945306777954102,1.1200000047683716,30700,648.4,0.0029019550420343876,17,30699
5.507666628545849e-06,-0.025619570165872574,154000,8742,0.0007,-57.336204528808594,1.1200000047683716,30800,648.4,-6.09434346188209e-06,17,30799
5.09526444147923e-07,-0.01986730843782425,154500,8767,0.0007,-26.146255493164062,1.1200000047683716,30900,648.4,1.1693939541146392e-06,17,30899
0.00013908997061662376,-2.251678705215454,155000,8792,0.0007,-102.32100677490234,1.1200000047683716,31000,648.4,0.021305810660123825,17,30999
3.841929719783366e-05,-0.947596549987793,155500,8820,0.0007,-0.022151589393615723,1.1200000047683716,31100,658.18,-0.004876502323895693,17,31099
9.435951824343647e-07,-0.0011751132551580667,156000,8853,0.0007,-2.0559587478637695,1.1399999856948853,31200,661.2,-7.720598205196438e-08,17,31199
4.606094535120064e-06,-0.0014760110061615705,156500,8879,0.0007,-4.252112865447998,1.1399999856948853,31300,661.2,2.095799516155239e-07,17,31299
1.8465013909008121e-06,-0.002688649110496044,157000,8905,0.0007,-75.60965728759766,1.1399999856948853,31400,661.2,-2.6536855557424133e-07,17,31399
2.548142674640985e-06,-0.0080522820353508,157500,8931,0.0007,-14.671618461608887,1.1399999856948853,31500,661.2,9.356255645798228e-07,17,31499
3.3960986911552027e-07,-0.02794693037867546,158000,8957,0.0007,-184.97348022460938,1.1399999856948853,31600,661.2,3.711776912496134e-07,17,31599
8.356635953532532e-05,-0.05148860067129135,158500,8995,0.0007,0.48171478509902954,1.1299999952316284,31700,682.57,4.249031462677522e-06,17,31699
1.2799912383343326e-06,-0.03628382086753845,159000,9019,0.0007,-30.85637855529785,1.1299999952316284,31800,682.57,-2.162792497983901e-06,17,31799
4.508435722527793e-06,-0.07923249900341034,159500,9044,0.0007,-19678.8046875,1.1299999952316284,31900,682.57,-2.047193811449688e-05,17,31899
4.248055574862519e-06,-0.0209279116243124,160000,9069,0.0007,-684.4268798828125,1.1299999952316284,32000,682.57,-4.335353878559545e-06,17,31999
6.032768169461633e-07,-0.014243094250559807,160500,9095,0.0007,-62.89220428466797,1.1299999952316284,32100,682.57,1.7833485799201299e-07,17,32099
1.4332926184579264e-05,-0.017895540222525597,161000,9120,0.0007,-17.790992736816406,1.1299999952316284,32200,682.57,6.463080353569239e-06,17,32199
3.9494065617873275e-07,-0.022455360740423203,161500,9146,0.0007,-162.18621826171875,1.1299999952316284,32300,682.57,6.875184226373676e-07,17,32299
1.1135396562167443e-05,-0.04659557342529297,162000,9165,0.0007,-238.8445281982422,1.1299999952316284,32400,682.57,1.7166499674203806e-05,17,32399
6.673512871202547e-06,-0.3769526481628418,162500,9201,0.0007,0.22383266687393188,1.1299999952316284,32500,713.74,-0.00012279293150641024,17,32499
5.351484560378594e-06,-0.00046997788012959063,163000,9242,0.0007,-19.092172622680664,1.1399999856948853,32600,713.33,-3.783374324939359e-08,17,32599
7.981317139638122e-06,-0.0010957991471514106,163500,9268,0.0007,-13.501079559326172,1.1399999856948853,32700,713.33,-2.219437362782628e-07,17,32699
3.5711934742721496e-06,-0.001571458182297647,164000,9295,0.0007,-505.5135192871094,1.1399999856948853,32800,713.33,-1.4671505255137163e-07,17,32799
4.9917143769562244e-06,-0.004156355746090412,164500,9322,0.0007,-233.61907958984375,1.1399999856948853,32900,713.33,-7.773062975502398e-07,17,32899
1.6906860764720477e-06,-0.01641916111111641,165000,9347,0.0007,-4.323488712310791,1.1399999856948853,33000,713.33,-1.2710983128272346e-06,17,32999
3.4595046599861234e-05,-0.01994169130921364,165500,9373,0.0007,-85.56512451171875,1.1399999856948853,33100,713.33,4.466457085072761e-06,17,33099
8.235224413510878e-07,-0.04763299226760864,166000,9413,0.0007,-20.186037063598633,1.1399999856948853,33200,739.07,-1.8936822243631468e-06,17,33199
6.087856036174344e-06,-0.026352455839514732,166500,9438,0.0007,-63.771263122558594,1.1399999856948853,33300,739.07,7.0274008976412006e-06,17,33299
1.3693456821783911e-06,-0.18559814989566803,167000,9462,0.0007,-2.2796003818511963,1.1399999856948853,33400,739.07,-2.2831973183201626e-05,17,33399
0.7589613199234009,-0.024871936067938805,167500,9503,0.0007,0.015728354454040527,1.1399999856948853,33500,750.5,0.0020608913619071245,17,33499
2.5680206817924045e-05,-0.08600485324859619,168000,9557,0.0007,-11.062739372253418,1.1399999856948853,33600,744.73,-4.560809611575678e-05,17,33599
2.346350129300845e-06,-0.05162571743130684,168500,9606,0.0007,-1.1610591411590576,1.1399999856948853,33700,745.27,-5.699387656932231e-06,17,33699
3.1630329431209248e-06,-0.05104098841547966,169000,9629,0.0007,-7.496415138244629,1.1399999856948853,33800,745.27,1.0738806849985849e-05,17,33799
6.551933324772108e-07,-0.25357216596603394,169500,9640,0.0007,-5.212536811828613,1.1399999856948853,33900,745.27,-2.9653203455382027e-05,17,33899
2.8571892016771017e-06,-0.9124391674995422,170000,9651,0.0007,-2.7392637729644775,1.1399999856948853,34000,745.27,0.00025807315250858665,17,33999
4.793458174390253e-06,-0.04101758077740669,170500,9713,0.0007,0.061891257762908936,1.1399999856948853,34100,734.44,-9.792192940949462e-06,17,34099
7.797476797577474e-08,-0.04003642871975899,171000,9742,0.0007,-81.60564422607422,1.1399999856948853,34200,734.44,7.193133342298097e-07,17,34199
3.3028253465516855e-09,-0.034052181988954544,171500,9769,0.0007,0.0,1.1399999856948853,34300,734.44,2.0530447386590822e-07,17,34299
6.565695684912498e-07,-0.04028869792819023,172000,9813,0.0007,5.960464477539063e-08,1.1399999856948853,34400,742.3,-3.5022978863707976e-06,17,34399
1.1691136933222879e-05,-0.040856946259737015,172500,9842,0.0007,1.1920928955078125e-07,1.1399999856948853,34500,742.3,-1.5007902220531832e-05,17,34499
5.303937086864607e-06,-0.04047199711203575,173000,9904,0.0007,0.0,1.1399999856948853,34600,745.64,-9.994141692004632e-06,17,34599
3.0723560939804884e-06,-0.05054175853729248,173500,9949,0.0007,-0.8165193796157837,1.1399999856948853,34700,747.53,-8.602414709457662e-06,17,34699
6.317923634924227e-06,-0.07598833739757538,174000,9978,0.0007,-1.257061243057251,1.1399999856948853,34800,747.53,-1.5643714505131356e-05,17,34799
1.3683189536095597e-05,-0.058416008949279785,174500,10036,0.0007,-0.01711559295654297,1.1299999952316284,34900,749.24,-2.382984894211404e-05,17,34899
1.9812947357422672e-05,-0.07115696370601654,175000,10092,0.0007,-1.5809950828552246,1.1299999952316284,35000,748.71,-3.1640091037843376e-05,17,34999
6.249341822694987e-06,-0.04595356434583664,175500,10151,0.0007,-0.13654398918151855,1.1299999952316284,35100,723.8,-1.2341688488959335e-05,17,35099
8.494881512888242e-06,-0.040452778339385986,176000,10170,0.0007,0.19422459602355957,1.1299999952316284,35200,723.8,-1.229782537848223e-05,17,35199
5.616105772787705e-05,-0.637767493724823,176500,10227,0.0007,-16.133567810058594,1.1399999856948853,35300,719.3,-0.0007820813916623592,17,35299
4.545625051832758e-05,-0.3289054036140442,177000,10264,0.0007,-77.58912658691406,1.1299999952316284,35400,718.82,-0.00028654036577790976,17,35399
1.8638995243236423e-05,-0.1021588072180748,177500,10296,0.0007,-2.746703863143921,1.1299999952316284,35500,719.27,-5.127676558913663e-05,17,35499
3.2604486477794126e-05,-0.004481098148971796,178000,10338,0.0007,-0.6703554391860962,1.1399999856948853,35600,718.21,-9.224287964570976e-07,17,35599
4.764609911944717e-06,-0.1939522624015808,178500,10399,0.0007,-1.8477280139923096,1.159999966621399,35700,715.69,0.003585119266062975,17,35699
1.097293775842445e-07,-0.05556272715330124,179000,10427,0.0007,-0.9172509908676147,1.159999966621399,35800,718.13,2.368663416518757e-07,17,35799
8.319209996443533e-07,-0.05961751937866211,179500,10454,0.0007,-52862.99609375,1.159999966621399,35900,718.13,-0.0021434950176626444,17,35899
6.514599135698518e-07,-0.06282182037830353,180000,10512,0.0007,-0.19140875339508057,1.1399999856948853,36000,722.61,-3.5973826015833765e-06,17,35999
2.881674390664557e-06,-0.07632098346948624,180500,10556,0.0007,-4.991472244262695,1.1299999952316284,36100,706.5,-1.2271922969375737e-05,17,36099
2.355499418627005e-06,-0.08152176439762115,181000,10600,0.0007,-0.600265383720398,1.1299999952316284,36200,706.36,-1.4386317161552142e-05,17,36199
4.55589633929776e-06,-0.08658323436975479,181500,10644,0.0007,-0.06147360801696777,1.1299999952316284,36300,706.71,-2.2103215087554418e-05,17,36299
3.028036985597282e-07,-0.08379337936639786,182000,10676,0.0007,0.4447036385536194,1.1299999952316284,36400,706.71,-5.650007551594172e-06,17,36399
9.248144124285318e-06,-0.0817909985780716,182500,10720,0.0007,0.024090826511383057,1.1100000143051147,36500,711.92,-2.962885810120497e-05,17,36499
2.5950907911465038e-06,-0.0861235037446022,183000,10783,0.0007,-18.56062889099121,1.100000023841858,36600,700.45,9.770580618351232e-06,16,36599
1.1464110684755724e-05,-0.07814258337020874,183500,10842,0.0007,0.11093348264694214,1.0800000429153442,36700,694.63,-3.1504507205681875e-05,16,36699
0.19920282065868378,-0.06113336235284805,184000,10871,0.0007,0.0006245970726013184,1.0800000429153442,36800,694.63,0.0015385005390271544,16,36799
6.014951168253901e-07,-0.058694738894701004,184500,10914,0.0007,-0.42643535137176514,1.0800000429153442,36900,698.59,-5.029340627515921e-06,16,36899
3.6068505959718777e-09,-0.05458586663007736,185000,10928,0.0007,5.960464477539063e-08,1.0800000429153442,37000,698.59,-3.666094130494457e-07,16,36999
6.2704079937248025e-06,-0.004195425659418106,185500,10939,0.0007,-73.37139129638672,1.0800000429153442,37100,698.59,-5.921688170928974e-07,16,37099
9.620455330150435e-07,-0.03519364446401596,186000,10977,0.0007,-6116.7666015625,1.0800000429153442,37200,710.73,-1.2571885577017383e-07,16,37199
5.973665338387946e-06,-2.1731746528530493e-05,186500,11005,0.0007,-14.536552429199219,1.0800000429153442,37300,710.73,-2.638835150392538e-09,16,37299
1.7663180074123375e-07,-0.0005066267913207412,187000,11034,0.0007,-5.985107898712158,1.0800000429153442,37400,710.73,-1.383771652818666e-09,16,37399
9.57297515924438e-07,-0.0016858961898833513,187500,11063,0.0007,-1478.833740234375,1.0800000429153442,37500,710.73,4.342364690046452e-08,16,37499
2.2862132027512416e-06,-0.17561163008213043,188000,11091,0.0007,-1.3058557510375977,1.0800000429153442,37600,710.73,-3.247503627790138e-05,16,37599
3.7077068100188626e-06,-0.10007508099079132,188500,11135,0.0007,0.1458236575126648,1.0800000429153442,37700,727.49,-0.002152798930183053,16,37699
0.7739096283912659,-0.044822387397289276,189000,11178,0.0007,0.0,1.0700000524520874,37800,723.96,0.004234811756759882,16,37799
9.253759344574064e-06,-0.04625927656888962,189500,11238,0.0007,0.0,1.0700000524520874,37900,722.33,-1.5382272977149114e-05,16,37899
7.876680683693849e-06,-0.04603029042482376,190000,11284,0.0007,0.0,1.0700000524520874,38000,724.56,-1.410913228028221e-05,16,37999
8.06639036454726e-06,-0.04356389120221138,190500,11312,0.0007,0.0,1.0700000524520874,38100,724.56,-1.341015740763396e-05,16,38099
4.038967631458945e-07,-0.03777749836444855,191000,11354,0.0007,0.0,1.0700000524520874,38200,725.97,-2.5527253910695435e-06,16,38199
2.5356581279112334e-09,-0.0357302762567997,191500,11381,0.0007,0.0,1.0700000524520874,38300,725.97,-1.8989928207702178e-07,16,38299
5.900893922800021e-13,-0.03562777489423752,192000,11409,0.0007,0.0,1.0700000524520874,38400,725.97,-2.887624805936184e-09,16,38399
5.757940137484153e-18,-0.03562596067786217,192500,11437,0.0007,0.0,1.0700000524520874,38500,725.97,-2.7436924260326734e-11,16,38499
3.4862073334807064e-06,-0.030733924359083176,193000,11479,0.0007,-1.1920928955078125e-07,1.0800000429153442,38600,744.99,-5.9324715948605444e-06,16,38599
9.422359653399326e-06,-0.030889710411429405,193500,11490,0.0007,-1.1920928955078125e-07,1.0800000429153442,38700,744.99,-9.806104571907781e-06,16,38699
6.712713229717338e-07,-0.032689303159713745,194000,11531,0.0007,0.0,1.0700000524520874,38800,750.75,-2.790557118714787e-06,16,38799
2.22881908484851e-06,-0.04020358622074127,194500,11575,0.0007,5.960464477539063e-08,1.0700000524520874,38900,754.43,-6.427004791476065e-06,16,38899
1.2516900824266486e-05,-0.03391357511281967,195000,11620,0.0007,0.0,1.0700000524520874,39000,723.86,-1.255614188266918e-05,16,38999
7.814417699592013e-07,-0.01755305752158165,195500,11664,0.0007,0.0,1.0700000524520874,39100,708.35,-1.4962386103434255e-06,16,39099
1.739562982550069e-08,-0.017243025824427605,196000,11691,0.0007,0.0,1.0700000524520874,39200,708.35,-2.1883568024350097e-07,16,39199
9.25297717913054e-06,-0.020058078691363335,196500,11721,0.0007,-0.20044779777526855,1.0700000524520874,39300,708.35,-5.917911039432511e-06,16,39299
3.504741471260786e-05,-0.03510270267724991,197000,11780,0.0007,0.0698351263999939,1.0800000429153442,39400,707.67,-2.2099844500189647e-05,16,39399
1.4362053661898244e-05,-0.0358574241399765,197500,11839,0.0007,5.960464477539063e-08,1.0800000429153442,39500,701.92,-1.4345838280860335e-05,16,39499
6.198397841217229e-06,-0.06040171533823013,198000,11884,0.0007,-7.116090774536133,1.0800000429153442,39600,697.24,-1.4635419574915431e-05,16,39599
0.0003771981573663652,-1.951708436012268,198500,11928,0.0007,-292.9673767089844,1.0800000429153442,39700,701.11,0.048905469477176666,16,39699
5.072724434285192e-06,-2.000034809112549,199000,11963,0.0007,-6.380275249481201,1.0800000429153442,39800,695.64,0.0026237082201987505,16,39799
1.2608305951289367e-05,-2.1341066360473633,199500,11998,0.0007,-27.35382080078125,1.0800000429153442,39900,700.21,-0.002719602547585964,16,39899
2.929579977717367e-06,-0.013100231997668743,200000,12032,0.0007,-8.959527969360352,1.0800000429153442,40000,702.23,1.7890308754431317e-06,16,39999
2.5623040755817783e-07,-0.014611354097723961,200500,12071,0.0007,-175.14797973632812,1.0800000429153442,40100,694.24,-6.336034630294307e-07,16,40099
1.5651085050194524e-05,-1.02817702293396,201000,12107,0.0007,-6.154505252838135,1.090000033378601,40200,697.37,-0.0007077011396177113,16,40199
2.765237877611071e-05,-3.8946956919971853e-05,201500,12168,0.0007,-0.6772602796554565,1.0800000429153442,40300,689.15,-1.0914978254561447e-08,16,40299
3.102713526459411e-05,-0.5216837525367737,202000,12231,0.0007,-1.7820184230804443,1.0800000429153442,40400,682.89,0.004952769726514816,16,40399
6.427988409996033e-06,-0.8522781133651733,202500,12263,0.0007,-4.377795219421387,1.0800000429153442,40500,681.15,-0.002155521186068654,16,40499
8.137427357723936e-06,-0.7084089517593384,203000,12292,0.0007,-33.026676177978516,1.0800000429153442,40600,680.56,0.002405719365924597,16,40599
3.1589181617164286e-06,-0.040461234748363495,203500,12335,0.0007,-115.67366027832031,1.0700000524520874,40700,678.32,3.061715005969745e-06,16,40699
3.787624882534146e-05,-0.06833529472351074,204000,12384,0.0007,-20.997314453125,1.0800000429153442,40800,643.81,5.152451922185719e-05,16,40799
7.730244760750793e-06,-0.006914849393069744,204500,12445,0.0007,-26.413013458251953,1.0700000524520874,40900,640.7,1.6574529126955895e-06,16,40899
1.926434379129205e-05,-0.13713404536247253,205000,12505,0.0007,-113.90520477294922,1.0700000524520874,41000,634.84,-6.695517367916182e-05,16,40999
2.77745166386012e-05,-0.24059978127479553,205500,12566,0.0007,0.06188541650772095,1.090000033378601,41100,626.56,-0.0029542280826717615,16,41099
2.2410284145735204e-05,-1.9416379928588867,206000,12604,0.0007,-205.6662139892578,1.090000033378601,41200,615.6,0.009031927213072777,16,41199
0.00017892538744490594,-2.230422258377075,206500,12634,0.0007,-10.548505783081055,1.0800000429153442,41300,616.45,0.02902759611606598,16,41299
0.0004653788637369871,-1.7028846740722656,207000,12668,0.0007,-45.908424377441406,1.0800000429153442,41400,616.8,0.04866216331720352,16,41399
9.274742296838667e-06,-2.082467555999756,207500,12719,0.0007,-2.856032609939575,1.0800000429153442,41500,610.99,-0.0064816782251000404,16,41499
6.205253885127604e-05,-1.864356279373169,208000,12752,0.0007,-4.376397609710693,1.0800000429153442,41600,612.0,0.01310068927705288,16,41599
9.458437489229254e-06,-2.115701198577881,208500,12805,0.0007,-0.744375467300415,1.0800000429153442,41700,613.84,-0.006213999353349209,16,41699
2.8609879336727317e-06,-2.0492544174194336,209000,12839,0.0007,-0.21768534183502197,1.0800000429153442,41800,615.48,-0.002836052794009447,16,41799
5.89652927374118e-06,-2.0573177337646484,209500,12871,0.0007,-8.990867614746094,1.0800000429153442,41900,616.22,-0.0027157424483448267,16,41899
9.595702067599632e-06,-2.0467896461486816,210000,12907,0.0007,-13.261702537536621,1.0800000429153442,42000,617.48,-0.002510967431589961,16,41999
3.424000851737219e-06,-2.1708521842956543,210500,12946,0.0007,-20.885910034179688,1.0700000524520874,42100,607.17,-0.002698663156479597,16,42099
2.7491088985698298e-05,-2.110154628753662,211000,12977,0.0007,-32.069740295410156,1.0700000524520874,42200,608.13,-0.009066139347851276,16,42199
1.7476735592936166e-05,-2.0683772563934326,211500,13001,0.0007,-145.3915557861328,1.0700000524520874,42300,608.13,0.010011372156441212,16,42299
1.9125623111904133e-06,-2.1364948749542236,212000,13019,0.0007,-29.769433975219727,1.0700000524520874,42400,608.13,-0.002427402650937438,16,42399
2.1960058802505955e-05,-2.0588865280151367,212500,13035,0.0007,-1646.9376220703125,1.0700000524520874,42500,608.13,0.001892662257887423,16,42499
2.841137245468417e-07,-2.0594732761383057,213000,13047,0.0007,-7.932271957397461,1.0700000524520874,42600,608.13,0.0010492093861103058,16,42599
2.1416382878669538e-05,-1.7488346099853516,213500,13063,0.0007,-16.13491439819336,1.0700000524520874,42700,608.13,0.0092153400182724,16,42699
1.2512201408299006e-07,-1.8292992115020752,214000,13081,0.0007,0.03428167104721069,1.0700000524520874,42800,608.13,-0.000646571337711066,16,42799
2.8017682325298665e-06,-1.9076719284057617,214500,13094,0.0007,-23.24925422668457,1.0700000524520874,42900,608.13,-0.0035477299243211746,16,42899
9.815441899263533e-07,-1.845014214515686,215000,13135,0.0007,-10.185579299926758,1.059999942779541,43000,642.29,-0.0015240877401083708,16,42999
1.9924524167436175e-05,-1.7293407917022705,215500,13188,0.0007,-770.1744995117188,1.0499999523162842,43100,642.98,-0.0024853309150785208,16,43099
1.1099563153038616e-06,-0.9085056185722351,216000,13223,0.0007,-0.36743927001953125,1.0499999523162842,43200,639.48,-0.00020053191110491753,16,43199
1.267004108740366e-06,-0.02382062003016472,216500,13255,0.0007,-0.8301717042922974,1.0499999523162842,43300,641.33,-2.616870006022509e-06,16,43299
9.582936399965547e-06,-0.022957777604460716,217000,13298,0.0007,0.0,1.059999942779541,43400,641.05,-7.067401838867227e-06,16,43399
3.4159594974880747e-07,-0.02116761915385723,217500,13343,0.0007,0.0,1.059999942779541,43500,642.09,-1.217884005200176e-06,16,43499
3.6305400907821195e-09,-0.020507359877228737,218000,13372,0.0007,0.0,1.059999942779541,43600,642.09,-1.2118016456952319e-07,16,43599
3.65122537004936e-06,-0.05757089704275131,218500,13415,0.0007,-87.2575454711914,1.059999942779541,43700,653.65,1.2749384040944278e-05,16,43699
7.487986295018345e-06,-0.014523988589644432,219000,13458,0.0007,-0.0490955114364624,1.059999942779541,43800,653.36,-3.7576805880235042e-06,16,43799
2.2913718566996977e-07,-0.013699352741241455,219500,13488,0.0007,-2.7252016067504883,1.059999942779541,43900,653.36,-5.22804157299106e-07,16,43899
5.45909983884485e-07,-0.014333458617329597,220000,13519,0.0007,-40288.46484375,1.059999942779541,44000,653.36,-8.244134050983121e-07,16,43999
2.1553137052876536e-09,-0.014624138362705708,220500,13552,0.0007,-161.45091247558594,1.059999942779541,44100,653.36,8.876753776476676e-10,16,44099
6.76845857139341e-10,-0.014636000618338585,221000,13598,0.0007,-19.293960571289062,1.059999942779541,44200,653.36,2.5415365811909396e-08,16,44199
8.20041534677074e-10,-0.014631809666752815,221500,15319,0.0007,-6.941390514373779,1.059999942779541,44300,653.36,-3.653498481526185e-08,14,44299
1.4920178870170275e-08,-0.014596015214920044,222000,15355,0.0007,-201.971923828125,1.059999942779541,44400,653.36,0.0003112478880211711,14,44399
6.086799544391397e-07,-0.014557006768882275,222500,15427,0.0007,-935.8886108398438,1.059999942779541,44500,671.13,1.796948225774031e-07,14,44499
3.0176684617799765e-07,-0.014475284144282341,223000,15460,0.0007,-307.29522705078125,1.059999942779541,44600,671.13,-1.0860183152772152e-07,14,44599
5.217660827838699e-07,-0.02554376795887947,223500,15493,0.0007,-5.946103572845459,1.059999942779541,44700,671.13,1.9594554032664746e-06,14,44699
1.736791830353468e-07,-0.025966886430978775,224000,15527,0.0007,-89.24517059326172,1.059999942779541,44800,671.13,1.07706512153527e-06,14,44799
5.2788760029898185e-08,-0.02621069923043251,224500,15555,0.0007,-87515.6484375,1.059999942779541,44900,671.13,-3.863605257947711e-08,14,44899
5.376970690917915e-08,-0.021850764751434326,225000,15609,0.0007,0.5950197577476501,1.0399999618530273,45000,688.87,-5.08758716932789e-07,14,44999
4.676988574203733e-09,-0.021336913108825684,225500,15638,0.0007,-8.7706880569458,1.0399999618530273,45100,688.87,1.546513033190422e-07,14,45099
4.522037411192059e-09,-0.021140234544873238,226000,15666,0.0007,-18.533245086669922,1.0399999618530273,45200,688.87,1.4699698169806652e-07,14,45199
5.799087077207332e-08,-0.019245538860559464,226500,15693,0.0007,-994.8233032226562,1.0399999618530273,45300,688.87,2.9424253966681135e-07,14,45299
4.199941031401977e-06,-0.042440496385097504,227000,15749,0.0007,0.0,1.0399999618530273,45400,647.56,-9.374389264849015e-06,14,45399
1.0008009354578462e-07,-0.04523664712905884,227500,15775,0.0007,-0.06577634811401367,1.0399999618530273,45500,647.56,-1.4580181186829577e-06,14,45499
3.348301561345579e-06,-0.038818079978227615,228000,15816,0.0007,-0.025791645050048828,1.0299999713897705,45600,653.36,-7.579749308206374e-06,14,45599
4.897570988759981e-07,-0.04288062825798988,228500,15841,0.0007,-0.896460771560669,1.0299999713897705,45700,653.36,-3.425392151257256e-06,14,45699
7.293396442342726e-10,-0.04327749088406563,229000,15867,0.0007,-10549.333984375,1.0299999713897705,45800,653.36,-7.859724604486473e-08,14,45799
1.4889429621689487e-05,-0.02751857042312622,229500,15894,0.0007,0.040232717990875244,1.0299999713897705,45900,653.36,-1.0858860150619876e-05,14,45899
1.2014707806429215e-07,-0.02785886451601982,230000,15937,0.0007,-1.3443841934204102,1.0299999713897705,46000,638.87,3.1151699886322604e-07,14,45999
1.0023320101026911e-05,-0.014880606904625893,230500,15982,0.0007,-0.05836474895477295,1.0299999713897705,46100,628.21,-4.4303124013822526e-06,14,46099
3.5103396697679784e-14,-0.009450256824493408,231000,16028,0.0007,0.0,1.0299999713897705,46200,629.62,-1.589672005142262e-10,14,46199
5.974051475732267e-09,-0.009320403449237347,231500,16053,0.0007,0.0,1.0299999713897705,46300,629.62,6.455456258436243e-08,14,46299
2.0760532182251268e-11,-0.009350528009235859,232000,16080,0.0007,0.0,1.0299999713897705,46400,629.62,3.799491388178922e-09,14,46399
1.1810398492517749e-10,-0.009340876713395119,232500,16106,0.0007,5.960464477539063e-08,1.0299999713897705,46500,629.62,9.081431606716706e-09,14,46499
1.6733091579013148e-09,-0.009363916702568531,233000,16132,0.0007,-632960.0625,1.0299999713897705,46600,629.62,-1.691948803284049e-08,14,46599
4.481965064926166e-14,-0.009358169510960579,233500,16158,0.0007,0.0,1.0299999713897705,46700,629.62,1.6992945939264814e-10,14,46699
2.4454313574118203e-10,-0.009338146075606346,234000,16185,0.0007,-1.1920928955078125e-07,1.0299999713897705,46800,629.62,1.309242048108672e-08,14,46799
4.908512485357619e-10,-0.00934293121099472,234500,16212,0.0007,0.0,1.0299999713897705,46900,629.62,1.8570508686366338e-08,14,46899
1.103218731646205e-11,-0.009371407330036163,235000,16256,0.0007,0.0,1.0199999809265137,47000,666.42,-2.8036559740485245e-09,14,46999
1.0064039445562e-12,-0.0094061940908432,235500,16282,0.0007,0.0,1.0199999809265137,47100,666.42,-8.384395400184985e-10,14,47099
2.7033126848152733e-09,-0.009336816146969795,236000,16308,0.0007,-1.1920928955078125e-07,1.0199999809265137,47200,666.42,4.353095306441901e-08,14,47199
1.0433841346468853e-08,-0.008140143007040024,236500,16335,0.0007,-735.183349609375,1.0199999809265137,47300,666.42,-3.133606440997028e-08,14,47299
1.2627438650270051e-08,-0.008414911106228828,237000,16362,0.0007,0.0,1.0199999809265137,47400,666.42,-8.383224070485085e-08,14,47399
1.3322955183525664e-08,-0.008502645418047905,237500,16391,0.0007,0.02167367935180664,1.0199999809265137,47500,666.42,-8.72140759611284e-08,14,47499
1.4493488631472928e-09,-0.008635994046926498,238000,16420,0.0007,0.0,1.0199999809265137,47600,666.42,2.922900499413572e-08,14,47599
2.6533123673289083e-05,-0.09267918765544891,238500,16461,0.0007,-59.64759826660156,1.0199999809265137,47700,700.89,2.5435601855861023e-05,14,47699
5.779971843367093e-07,-0.05092095211148262,239000,16501,0.0007,0.0,1.0199999809265137,47800,686.61,-4.276123490853934e-06,14,47799
1.5072089354362106e-07,-0.04483351111412048,239500,16523,0.0007,-482.9024353027344,1.0199999809265137,47900,686.61,-1.7156307876575738e-06,14,47899
3.199726279490278e-07,-0.045919403433799744,240000,16534,0.0007,-75.3515396118164,1.0199999809265137,48000,686.61,-1.0539795312070055e-06,14,47999
9.094210327020846e-07,-0.019546087831258774,240500,16562,0.0007,0.0,1.0199999809265137,48100,700.03,-1.8185646695201285e-06,14,48099
1.128259485838612e-09,-0.01818721368908882,241000,16588,0.0007,0.0,1.0199999809265137,48200,700.03,-1.619246722839307e-05,14,48199
3.3417272788938135e-05,-0.02351226657629013,241500,16629,0.0007,0.12794458866119385,1.0299999713897705,48300,698.41,-1.3437512279779185e-05,14,48299
5.139588211022783e-06,-0.0340731255710125,242000,16653,0.0007,0.3756381869316101,1.0299999713897705,48400,698.41,-8.542348950868472e-06,14,48399
1.0730205758591183e-05,-0.019761672243475914,242500,16679,0.0007,0.04096579551696777,1.0299999713897705,48500,698.41,-6.285452400334179e-06,14,48499
2.6949212497129338e-06,-0.01888638734817505,243000,16735,0.0007,1.1920928955078125e-07,1.0299999713897705,48600,700.4,-3.011358785443008e-06,14,48599
1.7131978324869124e-07,-0.018604664131999016,243500,16760,0.0007,-0.2752453088760376,1.0299999713897705,48700,700.4,-7.824914973753039e-07,14,48699
5.390999831433874e-06,-0.023752547800540924,244000,16804,0.0007,-18.38030242919922,1.0299999713897705,48800,705.48,-4.603353772836272e-06,14,48799
7.3919013630074915e-06,-0.09392553567886353,244500,16830,0.0007,-8.89916706085205,1.0299999713897705,48900,705.48,-3.2759337045717984e-05,14,48899
7.978023859323002e-06,-0.0069465115666389465,245000,16870,0.0007,-4469.79296875,1.0299999713897705,49000,707.66,1.4559857390850084e-06,14,48999
2.288095629410236e-06,-0.009093362838029861,245500,16896,0.0007,-47.78962326049805,1.0299999713897705,49100,707.66,8.159419166986481e-07,14,49099
1.0281803497491637e-06,-0.009899355471134186,246000,16921,0.0007,-12.388880729675293,1.0299999713897705,49200,707.66,-7.330369271585369e-07,14,49199
7.735328608760028e-07,-0.008820788934826851,246500,16947,0.0007,-37.434993743896484,1.0299999713897705,49300,707.66,-5.169911787561432e-07,14,49299
6.374054350999359e-07,-0.010515972971916199,247000,16972,0.0007,-1005.458984375,1.0299999713897705,49400,707.66,-5.028219902669662e-07,14,49399
1.0909291248140107e-09,-0.02528584934771061,247500,16998,0.0007,0.0,1.0299999713897705,49500,707.66,8.401843842875678e-08,14,49499
1.101026714245279e-09,-0.0269087515771389,248000,17023,0.0007,-5.985517978668213,1.0299999713897705,49600,707.66,-9.319192884049698e-08,14,49599
8.245479819757318e-12,-0.02700081467628479,248500,17049,0.0007,0.0,1.0299999713897705,49700,707.66,-7.842783311673429e-09,14,49699
4.266621722592845e-09,-0.02703861892223358,249000,17090,0.0007,-13.13715648651123,1.0199999809265137,49800,745.22,1.6269206071228837e-07,14,49799
1.7679798247627332e-06,-0.022777525708079338,249500,17116,0.0007,-3.8484315872192383,1.0199999809265137,49900,745.22,-1.8211488850283786e-06,14,49899
2.1155494778213324e-06,-0.8372804522514343,250000,17170,0.0007,-0.6003080606460571,1.0199999809265137,50000,751.24,-0.0008465858991257846,14,49999
4.182288648735266e-06,-1.6626348495483398,250500,17202,0.0007,-8.100111961364746,1.0199999809265137,50100,752.71,-0.004297100007534027,14,50099
6.13810116192326e-05,-1.7566707134246826,251000,17234,0.0007,-162.5891571044922,1.0199999809265137,50200,754.73,-8.213669207179919e-05,14,50199
6.3664833760412876e-06,-2.066084623336792,251500,17263,0.0007,-7.632047653198242,1.0199999809265137,50300,752.62,-0.005408351309597492,14,50299
5.262297418084927e-05,-2.0650463104248047,252000,17278,0.0007,-137.8949432373047,1.0199999809265137,50400,752.62,0.014324051328003407,14,50399
1.3824553661834216e-06,-2.157142400741577,252500,17291,0.0007,-2680542.75,1.0199999809265137,50500,752.62,-0.001360675087198615,14,50499
2.036946852967958e-06,-2.1549065113067627,253000,17304,0.0007,-86857.9375,1.0199999809265137,50600,752.62,-0.002663807477802038,14,50599
1.7297259091719752e-06,-2.1787147521972656,253500,17320,0.0007,-132.46287536621094,1.0199999809265137,50700,752.62,-0.00213933689519763,14,50699
1.1384722711227369e-06,-2.1936163902282715,254000,17333,0.0007,-7.206426620483398,1.0199999809265137,50800,752.62,-0.0003567786770872772,14,50799
2.2384658393548307e-07,-2.1553754806518555,254500,17349,0.0007,-249.67105102539062,1.0199999809265137,50900,752.62,8.092488860711455e-05,14,50899
8.372082334062725e-07,-2.1859402656555176,255000,17363,0.0007,-54.867164611816406,1.0199999809265137,51000,752.62,0.0010570799931883812,14,50999
1.2052188367306371e-06,-2.208625555038452,255500,17396,0.0007,-419.43157958984375,1.0099999904632568,51100,790.26,-0.0024576885625720024,14,51099
3.3295023627033515e-07,-2.2055840492248535,256000,17427,0.0007,-414.0189208984375,1.0199999809265137,51200,791.41,0.00047063390957191586,14,51199
1.687504118308425e-05,-2.206789970397949,256500,17459,0.0007,-1.1920928955078125e-07,1.0299999713897705,51300,790.4,-0.008861275389790535,14,51299
6.600748836405046e-09,-2.1793463230133057,257000,17508,0.0007,0.0,0.9900000095367432,51400,788.84,-0.0001807229418773204,14,51399
6.164194019220304e-06,-2.187265396118164,257500,17536,0.0007,-5.062439441680908,0.9900000095367432,51500,790.17,-0.004531042650341988,14,51499
5.272729595162673e-06,-2.19380521774292,258000,17568,0.0007,0.008085310459136963,0.9900000095367432,51600,790.34,-0.00485636992380023,14,51599
3.832666607195279e-06,-2.192359447479248,258500,17600,0.0007,-15.832422256469727,0.9900000095367432,51700,787.33,0.0007147846627049148,14,51699
2.4980663511087187e-06,-2.1811110973358154,259000,17631,0.0007,-1243.270751953125,0.9800000190734863,51800,788.56,2.7866009986610152e-05,14,51799
1.2505392078310251e-05,-2.189243793487549,259500,17659,0.0007,-65.26416015625,0.9800000190734863,51900,791.15,0.0036360316444188356,14,51899
2.030391442531254e-05,-2.173104763031006,260000,17688,0.0007,-1.8915045261383057,0.9800000190734863,52000,790.11,-0.007123223040252924,14,51999
1.4091252523940057e-05,-2.179854154586792,260500,17719,0.0007,-0.20156359672546387,0.9900000095367432,52100,789.41,-0.007168477866798639,14,52099
5.985162260913057e-06,-2.1199347972869873,261000,17754,0.0007,-0.8792295455932617,0.9900000095367432,52200,785.38,-0.005617524031549692,14,52199
3.450238921232085e-07,-2.0047268867492676,261500,17782,0.0007,0.0,0.9900000095367432,52300,785.23,-0.001033302629366517,14,52299
1.516601514595095e-06,-1.7303502559661865,262000,17810,0.0007,-0.44199419021606445,1.0,52400,788.75,-0.0023309895768761635,14,52399
2.2590673324884847e-05,-1.9296634197235107,262500,17838,0.0007,-0.47105562686920166,1.0099999904632568,52500,790.95,-0.008345582522451878,14,52499
1.8235539755551144e-05,-2.033870220184326,263000,17865,0.0007,0.024532318115234375,1.0,52600,794.58,-0.009496575221419334,14,52599
6.172283065097872e-06,-2.0291898250579834,263500,17893,0.0007,-69.831298828125,1.0,52700,792.13,0.0029624353628605604,14,52699
3.815802847384475e-05,-2.004115581512451,264000,17920,0.0007,-7.810311317443848,1.0099999904632568,52800,782.5,-0.01002580113708973,14,52799
7.784192348481156e-06,-1.6038801670074463,264500,17950,0.0007,-17.680335998535156,1.0099999904632568,52900,760.14,-0.001472319127060473,14,52899
1.4950494914955925e-05,-0.03346153348684311,265000,17977,0.0007,-4.137193202972412,1.0099999904632568,53000,761.79,-9.91896740742959e-06,14,52999
1.2593613064382225e-05,-0.017441362142562866,265500,18000,0.0007,-579.0696411132812,1.0099999904632568,53100,761.79,7.577790711366106e-06,14,53099
2.344106906093657e-05,-1.8897075653076172,266000,18011,0.0007,-3.8621559143066406,1.0099999904632568,53200,761.79,-0.003959664609283209,14,53199
2.6271823116985615e-06,-1.4880415201187134,266500,18040,0.0007,-1.2624635696411133,1.0099999904632568,53300,770.05,0.001413166057318449,14,53299
2.5507160898996517e-05,-1.8096227645874023,267000,18073,0.0007,-1.2352731227874756,1.0099999904632568,53400,772.61,-0.007503342814743519,14,53399
1.3291134564497042e-05,-1.9891157150268555,267500,18102,0.0007,-0.015028595924377441,1.0299999713897705,53500,775.69,-0.008526436984539032,14,53499
2.4903874873416498e-05,-1.8331305980682373,268000,18129,0.0007,-1.212613582611084,1.0299999713897705,53600,774.24,-0.008213301189243793,14,53599
1.4983891105657676e-06,-1.9430592060089111,268500,18157,0.0007,-2.5803918838500977,1.0199999809265137,53700,757.04,-0.0006751675973646343,14,53699
3.0189470635377802e-05,-1.6483128070831299,269000,18170,0.0007,-58.414955139160156,1.0199999809265137,53800,757.04,0.012999293394386768,14,53799
2.4922657757997513e-05,-1.6127126216888428,269500,18197,0.0007,-11.816697120666504,1.0199999809265137,53900,754.02,-0.007752622477710247,14,53899
7.326315881073242e-06,-1.9252039194107056,270000,18227,0.0007,0.30887502431869507,1.0199999809265137,54000,752.32,-0.005483122076839209,14,53999
5.087073532195063e-06,-1.6431562900543213,270500,18254,0.0007,-2.8559863567352295,1.0399999618530273,54100,755.9,-0.003017925890162587,14,54099
6.230863164091716e-06,-1.5491796731948853,271000,18281,0.0007,-22.63783836364746,1.0499999523162842,54200,758.01,0.0008101473795250058,14,54199
4.7176703787954466e-07,-1.710107445716858,271500,18309,0.0007,-0.13845670223236084,1.0399999618530273,54300,748.93,-0.001156798331066966,14,54299
8.036393523980223e-07,-1.8039737939834595,272000,18336,0.0007,0.47327131032943726,1.0299999713897705,54400,751.81,-0.0020687654614448547,14,54399
1.834923409660405e-06,-1.8122915029525757,272500,18347,0.0007,0.2497340440750122,1.0299999713897705,54500,751.81,0.002835987601429224,14,54499
3.982564976467984e-06,-1.7900984287261963,273000,18375,0.0007,0.24108284711837769,1.0299999713897705,54600,754.74,-0.0038260582368820906,14,54599
5.0868102334789e-06,-1.8705848455429077,273500,18402,0.0007,0.294014036655426,1.0299999713897705,54700,758.57,-0.00391944358125329,14,54699
1.8312254042029963e-06,-1.356924057006836,274000,18431,0.0007,-0.08816063404083252,1.0399999618530273,54800,759.61,-0.0008284047362394631,14,54799
3.4019344639091287e-06,-1.0783464908599854,274500,18458,0.0007,0.1288033127784729,1.0399999618530273,54900,757.36,-0.0040987697429955006,14,54899
7.450064003933221e-06,-1.2293976545333862,275000,18486,0.0007,-0.05614149570465088,1.0399999618530273,55000,759.04,-0.002906321082264185,14,54999
1.8654227460501716e-05,-1.2841026782989502,275500,18519,0.0007,-0.9335552453994751,1.0399999618530273,55100,756.39,-0.005148238502442837,14,55099
2.101553945976775e-06,-1.292644739151001,276000,18547,0.0007,-0.37595558166503906,1.0399999618530273,55200,756.73,-0.00029350988916121423,14,55199
3.003161737069604e-06,-0.7288250923156738,276500,18579,0.0007,0.5689099431037903,1.0399999618530273,55300,757.93,-0.000341510574799031,14,55299
7.239916044454731e-07,-0.7812321186065674,277000,18606,0.0007,0.5313484072685242,1.0299999713897705,55400,758.09,-0.0006661330698989332,14,55399
7.922129952930845e-06,-1.3608529567718506,277500,18634,0.0007,-0.008666038513183594,1.0399999618530273,55500,761.62,-0.00243538711220026,14,55499
1.1555291166587267e-05,-1.2899492979049683,278000,18661,0.0007,-55.42216873168945,1.0399999618530273,55600,764.23,0.0016166095156222582,14,55599
0.9593828320503235,-0.8479099273681641,278500,18688,0.0007,-0.45545947551727295,1.0399999618530273,55700,767.04,0.6271110773086548,14,55699
9.062575259122241e-07,-0.6396857500076294,279000,18715,0.0007,-0.46644651889801025,1.0399999618530273,55800,769.5,0.0003244957479182631,14,55799
9.499383679667517e-08,-0.8750469088554382,279500,18742,0.0007,-1.0371708869934082,1.0399999618530273,55900,770.56,-6.525851495098323e-05,14,55899
2.0723578018078115e-06,-1.3185933828353882,280000,18753,0.0007,-0.015745997428894043,1.0399999618530273,56000,770.56,-0.0012566131772473454,14,55999
7.870559670664079e-07,-0.9893618822097778,280500,18785,0.0007,0.0,1.0399999618530273,56100,771.53,-0.0009756965446285903,14,56099
1.2205018720123917e-06,-0.5264573097229004,281000,18813,0.0007,0.0,1.059999942779541,56200,773.91,-0.0008633033139631152,14,56199
5.177610546525102e-06,-0.46375924348831177,281500,18840,0.0007,0.5154122114181519,1.059999942779541,56300,773.7,-0.00019963490194641054,14,56299
1.720568434393499e-05,-0.3860699534416199,282000,18868,0.0007,-0.880130410194397,1.059999942779541,56400,776.1,-0.00348469614982605,14,56399
2.118850943588768e-07,-0.2592018246650696,282500,18895,0.0007,-27.438119888305664,1.059999942779541,56500,778.54,-6.188946372276405e-06,14,56499
1.0495470093019321e-07,-0.4828609824180603,283000,18923,0.0007,0.0,1.059999942779541,56600,783.55,3.033036227861885e-05,14,56599
4.985305167792831e-06,-0.41442784667015076,283500,18934,0.0007,0.0,1.059999942779541,56700,783.55,-0.00017196238331962377,14,56699
8.499759474034363e-08,-0.7310678362846375,284000,18962,0.0007,0.0,1.0700000524520874,56800,787.87,-4.729511420009658e-05,14,56799
1.9796741980826482e-05,-0.3473784327507019,284500,18991,0.0007,0.0,1.059999942779541,56900,791.3,-0.004517219495028257,14,56899
3.3819319469330367e-06,-0.29150471091270447,285000,19019,0.0007,-119.3713607788086,1.0499999523162842,57000,792.85,1.3427607882476877e-05,14,56999
6.740119018466828e-10,-0.29086220264434814,285500,19046,0.0007,0.0,1.0499999523162842,57100,796.1,-1.3117396520101465e-06,14,57099
9.796482203228152e-08,-0.5538003444671631,286000,19074,0.0007,-3015.205078125,1.0499999523162842,57200,797.16,0.00019564964168239385,14,57199
3.788661745440791e-11,-0.3340120017528534,286500,19101,0.0007,1.1920928955078125e-07,1.0499999523162842,57300,797.89,3.7614535131069715e-07,14,57299
5.424584287538892e-06,-0.6346082091331482,287000,19115,0.0007,1.1920928955078125e-07,1.0499999523162842,57400,797.89,-0.00277092307806015,15,57399
1.8877659385907464e-05,-0.7849583625793457,287500,19142,0.0007,0.0,1.0499999523162842,57500,802.1,-0.0007892662542872131,15,57499
1.1578313205973245e-05,-0.7128235101699829,288000,19169,0.0007,-4.970556259155273,1.059999942779541,57600,804.58,0.0005711691919714212,15,57599
5.187790065974696e-06,-0.2017161101102829,288500,19197,0.0007,-101.19197082519531,1.0700000524520874,57700,805.85,3.575356095097959e-05,15,57699
1.3337238158328546e-07,-0.20038862526416779,289000,19226,0.0007,-189.37850952148438,1.0700000524520874,57800,807.77,7.874201401136816e-06,15,57799
7.128845027182251e-06,-0.4946545958518982,289500,19238,0.0007,0.015988051891326904,1.0700000524520874,57900,807.77,-0.002550448291003704,15,57899
1.2434092241164763e-05,-0.2930768132209778,290000,19266,0.0007,-0.4810755252838135,1.059999942779541,58000,812.24,-0.0001705624017631635,15,57999
2.6409457731801922e-08,-0.23617419600486755,290500,19293,0.0007,0.49451833963394165,1.059999942779541,58100,812.92,-6.525632670673076e-06,15,58099
1.4189245689522068e-07,-0.47593316435813904,291000,19320,0.0007,-0.44158196449279785,1.059999942779541,58200,815.97,-0.00020343186042737216,15,58199
7.04443863241977e-08,-0.39430469274520874,291500,19348,0.0007,-13.455284118652344,1.059999942779541,58300,817.25,0.00020018014765810221,15,58299
3.618848865016844e-08,-0.4432860314846039,292000,19379,0.0007,-16.0323486328125,1.0700000524520874,58400,815.69,-1.5573044947814196e-05,15,58399
1.700739318266642e-07,-0.2584455907344818,292500,19411,0.0007,1.1920928955078125e-07,1.0700000524520874,58500,815.85,1.6857524315128103e-05,15,58499
0.20097219944000244,-0.5970302820205688,293000,19443,0.0007,-0.005376696586608887,1.0800000429153442,58600,779.66,0.02030847780406475,15,58599
4.469591203815071e-07,-0.40021640062332153,293500,19472,0.0007,0.04234766960144043,1.100000023841858,58700,783.0,-4.5958142436575145e-05,15,58699
2.3177732145995833e-05,-0.3948529064655304,294000,19504,0.0007,-4.0142412185668945,1.1100000143051147,58800,784.42,-0.000317319791065529,15,58799
1.076091757568065e-05,-0.7188512086868286,294500,19539,0.0007,0.0,1.1100000143051147,58900,783.56,0.006424781866371632,15,58899
6.4721316448412836e-06,-0.37641608715057373,295000,19567,0.0007,0.0,1.1100000143051147,59000,782.48,-0.00016458217578474432,15,58999
1.029313079214944e-08,-0.18617665767669678,295500,19617,0.0007,0.0,1.100000023841858,59100,784.75,-2.815979769366095e-06,15,59099
9.810903520701686e-07,-0.1915443390607834,296000,19628,0.0007,0.0,1.100000023841858,59200,784.75,-2.835031773429364e-05,15,59199
6.643134931039185e-10,-0.20157770812511444,296500,19663,0.0007,0.0,1.100000023841858,59300,775.94,7.838443707441911e-07,15,59299
1.5926541891531087e-05,-0.18566909432411194,297000,19674,0.0007,5.960464477539063e-08,1.100000023841858,59400,775.94,-0.0001102874957723543,15,59399
1.3468726137944032e-05,-0.09743005037307739,297500,19708,0.0007,0.0,1.100000023841858,59500,783.92,-4.750092193717137e-05,15,59499
1.8839811488646774e-08,-0.08967407047748566,298000,19739,0.0007,1.1920928955078125e-07,1.100000023841858,59600,755.68,1.60296076501254e-06,15,59599
1.863388204181209e-15,-0.09219177812337875,298500,19750,0.0007,0.0,1.100000023841858,59700,755.68,3.519978197807916e-10,15,59699
4.281603469280526e-05,-0.18436741828918457,299000,19777,0.0007,-0.004576206207275391,1.100000023841858,59800,742.65,-9.429831698071212e-05,15,59799
1.2627725482161622e-05,-0.1363210380077362,299500,19834,0.0007,-1.5505130290985107,1.100000023841858,59900,725.83,-6.389648478943855e-05,15,59899
2.0432874237030774e-07,-0.11032326519489288,300000,19866,0.0007,0.9076127409934998,1.100000023841858,60000,719.43,7.1815857154433616e-06,15,59999
2.968325238383862e-11,-0.11014562845230103,300500,19877,0.0007,0.0,1.100000023841858,60100,719.43,-7.841038041078718e-08,15,60099
4.400125817483058e-06,-0.10886260122060776,301000,19888,0.0007,0.0,1.100000023841858,60200,719.43,-2.9916986022726633e-05,15,60199
4.861562975105871e-12,-0.08515065163373947,301500,19924,0.0007,5.960464477539063e-08,1.100000023841858,60300,715.65,2.340749638563011e-08,15,60299
2.3826147298677824e-05,-0.11269114166498184,302000,19951,0.0007,0.0,1.100000023841858,60400,715.65,-7.225826993817464e-05,15,60399
8.209289035221445e-07,-0.1361485719680786,302500,19993,0.0007,-63.01946258544922,1.100000023841858,60500,719.1,5.183371740713483e-06,15,60499
1.2175845768069848e-05,-0.1399206817150116,303000,20031,0.0007,-5.1618547439575195,1.100000023841858,60600,721.01,3.970320540247485e-05,15,60599
5.2279176543379435e-08,-0.021937549114227295,303500,20086,0.0007,0.0,1.1100000143051147,60700,649.76,-5.193988954488304e-07,15,60699
9.4152203394815e-13,-0.02178839221596718,304000,20114,0.0007,0.0,1.1100000143051147,60800,649.76,-2.1587565068870163e-09,15,60799
3.2480514278177e-08,-0.02817423641681671,304500,20155,0.0007,0.0,1.1100000143051147,60900,656.38,-5.386377210925275e-07,15,60899
6.615031385920139e-16,-0.02783995307981968,305000,20181,0.0007,0.0,1.1100000143051147,61000,656.38,-1.1336136196415936e-10,15,60999
4.917077411903392e-09,-0.027766847983002663,305500,20205,0.0007,0.0,1.1100000143051147,61100,656.38,2.0613019557913503e-07,15,61099
4.2279291179170286e-10,-0.04607483744621277,306000,20240,0.0007,0.0,1.1100000143051147,61200,653.82,-1.0623457313840845e-07,15,61199
2.4250780919995193e-16,-0.04601065814495087,306500,20266,0.0007,0.0,1.1100000143051147,61300,653.82,-8.027985221037426e-11,15,61299
7.847023734693675e-17,-0.04601064696907997,307000,20291,0.0007,-1.1920928955078125e-07,1.1100000143051147,61400,653.82,9.95732030162344e-09,15,61399
4.6115650022076314e-17,-0.04601048305630684,307500,20303,0.0007,0.0,1.1100000143051147,61500,653.82,8.278817908990987e-11,15,61499
7.157343701004112e-16,-0.04601065441966057,308000,20320,0.0007,0.0,1.1100000143051147,61600,653.82,1.756115738937858e-11,15,61599
0.39626845717430115,-0.05043075606226921,308500,20346,0.0007,-0.002600550651550293,1.1100000143051147,61700,653.82,0.002475257497280836,15,61699
2.089512918246328e-06,-0.03735608607530594,309000,20408,0.0007,0.0,1.100000023841858,61800,663.89,-5.8287055253458675e-06,15,61799
1.1683517001093158e-11,-0.03266969323158264,309500,20434,0.0007,0.0,1.100000023841858,61900,663.89,-1.1853920511839533e-08,15,61899
2.7602257358219965e-16,-0.03265571966767311,310000,20452,0.0007,0.0,1.100000023841858,62000,663.89,-8.423173616933788e-12,15,61999
2.131413448363097e-18,-0.03265571966767311,310500,20463,0.0007,0.0,1.100000023841858,62100,663.89,-5.053879623823088e-12,15,62099
1.1604295956282874e-17,-0.0326557382941246,311000,20478,0.0007,0.0,1.100000023841858,62200,663.89,-1.1792346613082039e-11,15,62199
3.1817434022760396e-14,-0.04049138352274895,311500,20489,0.0007,0.0,1.100000023841858,62300,663.89,-7.389888700970459e-10,15,62299
6.223043860869958e-17,-0.04082004353404045,312000,20500,0.0007,0.0,1.100000023841858,62400,663.89,1.5174419012997653e-11,15,62399
1.4256957836522588e-09,-0.014716168865561485,312500,20527,0.0007,1.1920928955078125e-07,1.100000023841858,62500,695.74,-5.3106028019556106e-08,15,62499
4.986662954987358e-16,-0.014613384380936623,313000,20553,0.0007,0.0,1.100000023841858,62600,695.74,8.829529121734403e-12,15,62599
2.3682403242182806e-19,-0.014613384380936623,313500,20579,0.0007,0.0,1.100000023841858,62700,695.74,6.791933009932249e-13,15,62699
4.97959982517289e-17,-0.014613397419452667,314000,20606,0.0007,0.0,1.100000023841858,62800,695.74,-4.7543371149705305e-12,15,62799
1.9062140311757088e-16,-0.014613342471420765,314500,20633,0.0007,0.0,1.100000023841858,62900,695.74,-4.7543371149705305e-12,15,62899
3.151486334549866e-17,-0.014613339677453041,315000,20659,0.0007,0.0,1.100000023841858,63000,695.74,4.7543371149705305e-12,15,62999
8.243850861897333e-16,-0.01461329311132431,315500,20685,0.0007,0.0,1.100000023841858,63100,695.74,4.0072452300865535e-11,15,63099
0.0,-0.014613261446356773,316000,20710,0.0007,nan,1.100000023841858,63200,695.74,-0.0,15,63199
0.0,-0.014613261446356773,316500,20751,0.0007,nan,1.090000033378601,63300,725.81,-0.0,15,63299
0.0,-0.014613261446356773,317000,20777,0.0007,nan,1.090000033378601,63400,725.81,-0.0,15,63399
1.3580216545960866e-05,-0.03243275359272957,317500,20803,0.0007,-2.8319435119628906,1.090000033378601,63500,725.81,-1.064128264260944e-05,15,63499
1.5537391817588286e-08,-0.04429180547595024,318000,20863,0.0007,0.0,1.100000023841858,63600,690.62,-6.022345360179315e-07,15,63599
3.6231820104148937e-06,-0.0408942885696888,318500,20889,0.0007,-1331.884765625,1.100000023841858,63700,690.62,-6.565148396475706e-06,15,63699
7.506565680159838e-08,-0.06074770539999008,319000,20928,0.0007,0.0,1.100000023841858,63800,690.32,-1.8956230860567302e-06,15,63799
2.0546524410747224e-06,-0.06537632644176483,319500,20943,0.0007,0.44833070039749146,1.100000023841858,63900,690.32,-1.1063815691159107e-05,15,63899
2.0310384485355826e-08,-0.06074710935354233,320000,20981,0.0007,-6.773000717163086,1.100000023841858,64000,696.02,-2.0046418569563684e-07,15,63999
0.0001315528788836673,-0.04887279495596886,320500,21021,0.0007,-4.261252403259277,1.090000033378601,64100,697.68,-0.020334599539637566,15,64099
1.2800839499504946e-08,-0.027094444260001183,321000,21070,0.0007,0.0,1.090000033378601,64200,696.64,-3.131333414785331e-07,15,64199
1.9111723922188295e-12,-0.026969918981194496,321500,21096,0.0007,0.0,1.090000033378601,64300,696.64,-3.769060175073946e-09,15,64299
5.620043752697581e-17,-0.0269685797393322,322000,21121,0.0007,0.0,1.090000033378601,64400,696.64,-2.1438023231623582e-11,15,64399
2.070504763196368e-07,-0.02936531975865364,322500,21161,0.0007,0.0,1.090000033378601,64500,708.98,-1.3761067521045334e-06,15,64499
4.632364912666997e-13,-0.028870875015854836,323000,21187,0.0007,0.0,1.090000033378601,64600,708.98,-2.045851932308551e-09,15,64599
0.9588083028793335,-0.028635168448090553,323500,21213,0.0007,-0.010825395584106445,1.090000033378601,64700,708.98,0.0031750299967825413,15,64699
9.926630184509122e-08,-0.027549395337700844,324000,21253,0.0007,0.0,1.100000023841858,64800,682.6,-8.865698646332021e-07,15,64799
8.597837719559465e-11,-0.0272829569876194,324500,21277,0.0007,0.0,1.100000023841858,64900,682.6,-2.584035030395171e-08,15,64899
1.91191323942175e-15,-0.02727467194199562,325000,21302,0.0007,0.0,1.100000023841858,65000,682.6,-9.342430995484818e-11,15,64999
4.112822076696949e-17,-0.027274642139673233,325500,21328,0.0007,0.0,1.100000023841858,65100,682.6,-5.415877815662107e-12,15,65099
5.362228761121544e-17,-0.027274657040834427,326000,21354,0.0007,0.0,1.100000023841858,65200,682.6,-1.489363146700562e-11,15,65199
2.3682403242182806e-19,-0.027274642139673233,326500,21379,0.0007,0.0,1.100000023841858,65300,682.6,-1.3539694539155267e-12,15,65299
8.59171814227011e-06,-0.028840553015470505,327000,21418,0.0007,-7.564879417419434,1.100000023841858,65400,709.34,7.290639132406795e-06,15,65399
5.971160135231912e-07,-0.04957522451877594,327500,21463,0.0007,0.0,1.090000033378601,65500,708.1,-4.2286646930733696e-06,15,65499
2.776141627691686e-06,-0.06024525314569473,328000,21505,0.0007,0.02626889944076538,1.090000033378601,65600,712.57,-1.1443354196671862e-05,15,65599
1.5939962167976773e-06,-0.0594552643597126,328500,21546,0.0007,-0.018950700759887695,1.100000023841858,65700,712.8,-8.48470790515421e-06,15,65699
3.824970562504859e-09,-0.05404803901910782,329000,21572,0.0007,5.960464477539063e-08,1.100000023841858,65800,712.8,-3.730311846084078e-07,15,65799
1.576899960435696e-13,-0.05395166948437691,329500,21597,0.0007,0.0,1.100000023841858,65900,712.8,-2.3897215317703058e-09,15,65899
5.203101710579003e-17,-0.05395108461380005,330000,21623,0.0007,0.0,1.100000023841858,66000,712.8,-1.0250020970881124e-10,15,65999
7.206130151788e-17,-0.05395108461380005,330500,21648,0.0007,0.0,1.100000023841858,66100,712.8,-8.492882092037135e-11,15,66099
1.6085656417974548e-10,-0.06346535682678223,331000,21673,0.0007,0.0,1.100000023841858,66200,712.8,9.195359496061428e-08,15,66199
2.349378337385133e-05,-0.042355187237262726,331500,21730,0.0007,-0.49671852588653564,1.1100000143051147,66300,735.38,-2.2021802578819916e-05,15,66299
2.5389470010850346e-06,-0.04447782784700394,332000,21773,0.0007,0.0,1.1200000047683716,66400,736.04,-7.694348823861219e-06,15,66399
6.2382214309764095e-06,-0.02759513258934021,332500,21812,0.0007,1.1920928955078125e-07,1.1399999856948853,66500,734.02,-7.0170635808608495e-06,15,66499
5.313934181572222e-08,-0.023017413914203644,333000,21831,0.0007,0.0,1.1399999856948853,66600,734.02,-5.279763399812509e-07,15,66599
1.5539952658016887e-10,-0.026426559314131737,333500,21841,0.0007,1.1920928955078125e-07,1.1399999856948853,66700,734.02,-3.339992460382746e-08,15,66699
0.0006689596921205521,-0.04403821378946304,334000,21852,0.0007,-1479.273193359375,1.1399999856948853,66800,734.02,-0.00013023990322835743,15,66799
4.0066662876370174e-08,-0.04671487957239151,334500,21883,0.0007,-1.1920928955078125e-07,1.1399999856948853,66900,749.78,-1.0212531833531102e-06,15,66899
1.2237171276296976e-08,-0.02276504598557949,335000,21923,0.0007,0.0,1.1399999856948853,67000,749.75,-2.504221754406899e-07,15,66999
1.9273472385119075e-14,-0.022430961951613426,335500,21948,0.0007,0.0,1.1399999856948853,67100,749.75,2.882596661368808e-10,15,67099
1.0518213457544334e-05,-0.025950942188501358,336000,21974,0.0007,0.0,1.1399999856948853,67200,749.75,-8.507475286023691e-06,15,67199
1.3183407077121956e-07,-0.018655765801668167,336500,22014,0.0007,-0.21452867984771729,1.1299999952316284,67300,757.63,-6.537157446473429e-07,15,67299
1.283707319998939e-06,-0.037505924701690674,337000,22054,0.0007,0.28488457202911377,1.1399999856948853,67400,761.02,-4.75796832688502e-06,15,67399
3.341941408052662e-07,-0.0386081263422966,337500,22080,0.0007,-66.22453308105469,1.1399999856948853,67500,761.02,-1.6015613937270246e-06,15,67499
2.650724127306603e-06,-0.551866888999939,338000,22095,0.0007,-5.499208450317383,1.1399999856948853,67600,761.02,-4.861535126110539e-05,15,67599
0.00018379991524852812,-0.7705403566360474,338500,22164,0.0007,-1.1476609706878662,1.1200000047683716,67700,763.51,0.00017680316523183137,15,67699
1.023997538140975e-05,-0.6725218892097473,339000,22199,0.0007,-29.024782180786133,1.1200000047683716,67800,761.23,0.004259166773408651,15,67799
3.552327325451188e-05,-0.29733914136886597,339500,22235,0.0007,-1.848989725112915,1.1200000047683716,67900,759.03,-0.0041459486819803715,15,67899
2.6100882678292692e-05,-0.26272469758987427,340000,22265,0.0007,-6.832694053649902,1.1100000143051147,68000,756.53,0.000185883924132213,15,67999
6.932268206583103e-06,-0.14149922132492065,340500,22303,0.0007,-2.121060609817505,1.1100000143051147,68100,756.56,-3.40996848535724e-05,15,68099
1.6102541849249974e-05,-0.19390735030174255,341000,22343,0.0007,-0.1476994752883911,1.1100000143051147,68200,755.77,-0.00010794302215799689,15,68199
2.2664733023702865e-06,-0.1442803591489792,341500,22406,0.0007,-102.65123748779297,1.100000023841858,68300,748.36,-2.752190994215198e-05,15,68299
1.7076443327823654e-05,-0.14981399476528168,342000,22446,0.0007,-0.3241928815841675,1.0800000429153442,68400,743.04,-8.117673132801428e-05,15,68399
2.068404000965529e-06,-0.1323513388633728,342500,22486,0.0007,-1.1920928955078125e-07,1.090000033378601,68500,741.24,-2.444906931486912e-05,15,68499
1.141817574534798e-05,-0.09685589373111725,343000,22525,0.0007,-0.01734912395477295,1.090000033378601,68600,742.74,-3.98407646571286e-05,15,68599
8.485557856374726e-08,-0.07310743629932404,343500,22563,0.0007,-0.0008096694946289062,1.090000033378601,68700,740.39,-2.484968263161136e-06,15,68699
1.4913741075428533e-10,-0.06082841008901596,344000,22575,0.0007,0.0,1.090000033378601,68800,740.39,8.402067663837443e-08,15,68799
3.7480100445463904e-07,-0.10357071459293365,344500,22603,0.0007,0.378137469291687,1.090000033378601,68900,749.69,-0.0002835766354110092,15,68899
1.0899765584326815e-05,-0.11046630144119263,345000,22628,0.0007,0.0,1.090000033378601,69000,749.69,-4.533050741883926e-05,15,68999
1.1175145431252531e-07,-0.08562371134757996,345500,22671,0.0007,5.960464477539063e-08,1.0700000524520874,69100,746.74,-3.41387499247503e-06,15,69099
2.125750964143691e-11,-0.08424720168113708,346000,22711,0.0007,0.0,1.0499999523162842,69200,750.33,-4.634490124999502e-08,15,69199
5.955942583568685e-07,-0.045716941356658936,346500,22751,0.0007,0.0,1.0499999523162842,69300,748.25,-3.839064902422251e-06,15,69299
0.00011125968012493104,-0.058655429631471634,347000,22796,0.0007,-7.424444198608398,1.0499999523162842,69400,747.75,-7.28719387552701e-05,15,69399
1.627259052838781e-06,-0.08268074691295624,347500,22841,0.0007,-0.8243201971054077,1.0499999523162842,69500,745.0,-1.1673533663270064e-05,15,69499
7.108844147296622e-05,-0.0829036682844162,348000,22883,0.0007,-0.5408130884170532,1.0499999523162842,69600,746.44,-8.944177534431219e-05,15,69599
3.4357713047938887e-06,-0.011290245689451694,348500,22925,0.0007,-47.02714538574219,1.0399999618530273,69700,744.58,3.02455021028436e-07,15,69699
4.1283263271907344e-05,-0.08952069282531738,349000,22966,0.0007,-34.41151809692383,1.0299999713897705,69800,748.42,-7.261998689500615e-05,15,69799
0.00046675483463332057,-1.4899342060089111,349500,23001,0.0007,-50.22844696044922,1.0399999618530273,69900,746.2,0.034859202802181244,15,69899
1.566783248563297e-05,-1.7285130023956299,350000,23034,0.0007,-4.244651794433594,1.0399999618530273,70000,746.55,0.0028822950553148985,15,69999
1.1664701560221147e-05,-0.14978155493736267,350500,23087,0.0007,0.7078032493591309,1.0399999618530273,70100,743.33,-0.002697157906368375,15,70099
5.994245839247014e-06,-0.06583502143621445,351000,23128,0.0007,0.24103128910064697,1.0399999618530273,70200,741.46,-1.6512833099113777e-05,15,70199
1.0192278750764672e-05,-0.0950225219130516,351500,23170,0.0007,-44.38966751098633,1.0399999618530273,70300,738.05,3.27778652717825e-05,15,70299
2.6422576411277987e-05,-0.03624391555786133,352000,23196,0.0007,-0.5065525770187378,1.0399999618530273,70400,738.05,-2.1127634681761265e-05,15,70399
2.7710811991710216e-06,-0.02776198461651802,352500,23238,0.0007,-138.92930603027344,1.0399999618530273,70500,743.76,-9.050762059814588e-07,15,70499
5.354759650799679e-06,-0.08531443029642105,353000,23280,0.0007,-1.6982734203338623,1.0399999618530273,70600,744.47,2.315326128154993e-05,15,70599
7.105006716301432e-06,-0.0386338010430336,353500,23307,0.0007,-157.06971740722656,1.0399999618530273,70700,744.47,-1.1991583960480057e-05,15,70699
1.1492918929434381e-05,-0.031121820211410522,354000,23334,0.0007,-246017.21875,1.0399999618530273,70800,744.47,-1.1813153832918033e-05,15,70799
1.0621745786920656e-05,-0.03259889408946037,354500,23351,0.0007,-1.3566129207611084,1.0399999618530273,70900,744.47,-1.1175614417879842e-05,15,70899
2.557361995059182e-06,-0.024324025958776474,355000,23389,0.0007,-57.29810333251953,1.0399999618530273,71000,758.21,-2.5062847726076143e-06,15,70999
3.721377197507536e-07,-0.02230977639555931,355500,23416,0.0007,-322.9497985839844,1.0399999618530273,71100,758.21,1.0779031356378255e-07,15,71099
1.0377346093548567e-08,-0.015826638787984848,356000,23444,0.0007,-1338.806640625,1.0399999618530273,71200,758.21,7.176985405976666e-08,15,71199
7.311165006740339e-08,-0.015823256224393845,356500,23471,0.0007,-137.84120178222656,1.0399999618530273,71300,758.21,4.236685526848305e-07,15,71299
4.3003291239074315e-07,-0.014934567734599113,357000,23498,0.0007,-4122.8671875,1.0399999618530273,71400,758.21,-4.0415116586700606e-07,15,71399
1.1204743088910618e-07,-0.011042323894798756,357500,23519,0.0007,-14.652941703796387,1.0399999618530273,71500,758.21,-2.779005683350988e-07,15,71499
1.6733221741560556e-07,-0.011096304282546043,358000,23531,0.0007,-329.9947814941406,1.0399999618530273,71600,758.21,-1.2440656860235322e-07,15,71599
1.2836157914364321e-08,-0.011217593215405941,358500,23543,0.0007,-0.9509881734848022,1.0399999618530273,71700,758.21,1.1320194204245126e-07,15,71699
1.336403965979116e-05,-0.021059434860944748,359000,23582,0.0007,-0.03873324394226074,1.0299999713897705,71800,792.24,-7.4425202001293655e-06,15,71799
3.3148302463814616e-05,-0.8916486501693726,359500,23623,0.0007,-28.019683837890625,1.0299999713897705,71900,790.53,-0.015692558139562607,15,71899
1.731107295199763e-05,-0.23871879279613495,360000,23680,0.0007,-129.9279022216797,1.0099999904632568,72000,787.16,6.405746535165235e-05,15,71999
9.149483048531692e-06,-0.0782310739159584,360500,23722,0.0007,-953.05517578125,1.0099999904632568,72100,784.05,-1.686878749751486e-05,15,72099
3.7863352986278187e-07,-0.057194121181964874,361000,23764,0.0007,-6.749156951904297,1.0,72200,787.26,2.8675960948021384e-06,15,72199
8.812125997792464e-06,-0.08637014031410217,361500,23805,0.0007,0.13173174858093262,1.0,72300,782.7,-2.9087841539876536e-05,15,72299
0.00022260721016209573,-0.18601760268211365,362000,23848,0.0007,-29.911836624145508,0.9900000095367432,72400,779.29,-0.007823819294571877,15,72399
4.9894711082743015e-06,-0.36678120493888855,362500,23899,0.0007,-1.9302709102630615,0.9900000095367432,72500,777.62,0.0001031174324452877,15,72499
7.001661288086325e-05,-1.9631803035736084,363000,23932,0.0007,-91133.59375,0.9900000095367432,72600,775.37,0.0006127603119239211,15,72599
5.007899017073214e-05,-1.2911173105239868,363500,23961,0.0007,-44.707435607910156,0.9900000095367432,72700,774.23,-0.015436269342899323,15,72699
0.00011108504986623302,-0.27828770875930786,364000,23992,0.0007,-16.532859802246094,1.0,72800,773.38,-0.009177527390420437,15,72799
1.8892777006840333e-05,-0.043030936270952225,364500,24042,0.0007,-19.070953369140625,0.9800000190734863,72900,767.16,-2.27133568841964e-07,15,72899
9.594524271960836e-06,-0.05691395327448845,365000,24066,0.0007,0.22808223962783813,0.9800000190734863,73000,767.16,-1.925763899635058e-05,15,72999
5.33958082087338e-05,-1.9729505777359009,365500,24124,0.0007,-15.19544792175293,0.9700000286102295,73100,764.67,-0.012165380641818047,15,73099
1.6395235434174538e-05,-2.0694687366485596,366000,24156,0.0007,-9.750038146972656,0.9700000286102295,73200,760.62,0.004989130422472954,15,73199
4.573831574816722e-06,-0.06318213045597076,366500,24187,0.0007,-0.01712179183959961,0.9700000286102295,73300,759.52,-1.2629394404939376e-05,15,73299
2.2420419554691762e-05,-0.1394837349653244,367000,24218,0.0007,-16.216705322265625,0.9700000286102295,73400,756.28,-8.620817243354395e-05,15,73399
4.8605879783281125e-06,-0.1417374163866043,367500,24257,0.0007,0.4847686290740967,0.9700000286102295,73500,756.53,-4.221728158881888e-05,15,73499
5.411176971392706e-06,-0.0922844409942627,368000,24315,0.0007,-0.0013899803161621094,0.9700000286102295,73600,754.97,-2.5954388547688723e-05,15,73599
1.0798251423693728e-05,-0.18492749333381653,368500,24373,0.0007,-0.20024502277374268,0.9599999785423279,73700,749.45,-7.184188871178776e-05,15,73699
3.1459142064704793e-06,-0.06464855372905731,369000,24400,0.0007,-0.9389716386795044,0.9599999785423279,73800,749.45,-1.0898415894189384e-05,15,73799
6.612228844460333e-07,-0.036634884774684906,369500,24413,0.0007,-54.306339263916016,0.9599999785423279,73900,749.45,-3.1850954655965324e-06,15,73899
1.820835704435808e-10,-0.037285495549440384,370000,24423,0.0007,-1.854349136352539,0.9599999785423279,74000,749.45,-5.052252305404181e-08,15,73999
1.1804890931443879e-07,-0.03157397359609604,370500,24434,0.0007,-20.357946395874023,0.9599999785423279,74100,749.45,8.72601617629698e-07,15,74099
1.1506369190783516e-09,-0.03100046142935753,371000,24446,0.0007,0.0,0.9599999785423279,74200,749.45,1.0891769619547631e-07,15,74199
6.918274286782378e-11,-0.03175649791955948,371500,24457,0.0007,-2.9134979248046875,0.9599999785423279,74300,749.45,-1.788812653558125e-08,15,74299
8.230809726228472e-06,-0.08848954737186432,372000,24468,0.0007,-0.2372070550918579,0.9599999785423279,74400,749.45,-3.0001281629665755e-05,15,74399
2.4906208636821248e-05,-0.06179811805486679,372500,24521,0.0007,-3.160688877105713,0.9399999976158142,74500,782.11,-3.53371215169318e-05,15,74499
6.016599400027189e-06,-0.059578895568847656,373000,24565,0.0007,0.1840972900390625,0.949999988079071,74600,780.8,1.6544745449209586e-05,15,74599
2.177545638915035e-06,-0.036804378032684326,373500,24590,0.0007,-6.296605110168457,0.949999988079071,74700,780.8,-6.2654617067892104e-06,15,74699
2.7593530376179842e-06,-0.03778677433729172,374000,24617,0.0007,-22.605073928833008,0.949999988079071,74800,780.8,-6.565198418684304e-06,15,74799
1.4175321666698437e-05,-0.07201491296291351,374500,24659,0.0007,-0.908591628074646,0.949999988079071,74900,789.79,-2.9489867301890627e-05,15,74899
2.7729911380447447e-06,-0.05289898440241814,375000,24709,0.0007,-1.694901943206787,0.949999988079071,75000,788.98,-1.249169713446463e-06,15,74999
2.2929896204004763e-06,-0.04886757582426071,375500,24739,0.0007,-20.83408546447754,0.949999988079071,75100,788.98,4.4166104089526925e-06,15,75099
0.00015245619579218328,-0.05711047723889351,376000,24781,0.0007,-0.6882041692733765,0.949999988079071,75200,785.59,8.588436321588233e-05,15,75199
3.505474887788296e-05,-0.04460621625185013,376500,24839,0.0007,-3.0442676544189453,0.949999988079071,75300,772.92,-2.2404256014851853e-05,15,75299
2.269194965265342e-06,-0.07215310633182526,377000,24882,0.0007,-0.07471299171447754,0.949999988079071,75400,773.49,-1.2233821507834364e-05,15,75399
1.4337451830215286e-05,-0.036794327199459076,377500,24925,0.0007,-48.53897476196289,0.949999988079071,75500,777.12,-1.4153843039821368e-05,15,75499
1.9507073375280015e-05,-0.07322218269109726,378000,24953,0.0007,0.013543903827667236,0.949999988079071,75600,777.12,-3.885403202730231e-05,15,75599
1.8775195712805726e-05,-0.05181650444865227,378500,25012,0.0007,0.022640526294708252,0.949999988079071,75700,772.06,-2.4947594283730723e-05,15,75699
6.157835014164448e-05,-0.19167110323905945,379000,25070,0.0007,-5.909775733947754,0.9599999785423279,75800,761.77,-0.00020829348068218678,15,75799
8.20759596535936e-05,-1.5808223485946655,379500,25091,0.0007,-1.1439809799194336,0.9599999785423279,75900,761.77,-0.02721785381436348,15,75899
4.230839113006368e-05,-1.834864854812622,380000,25139,0.0007,-50.54784393310547,0.9599999785423279,76000,766.48,0.0015330810565501451,15,75999
1.2109821909689344e-05,-0.20104661583900452,380500,25175,0.0007,-0.6932533979415894,0.9599999785423279,76100,759.92,0.0006220268551260233,15,76099
1.0218983334198128e-05,-0.17426635324954987,381000,25207,0.0007,0.0956692099571228,0.9599999785423279,76200,748.0,-7.943933451315388e-05,15,76199
2.2779951905249618e-05,-1.1305434703826904,381500,25244,0.0007,-507.11041259765625,0.9599999785423279,76300,724.56,-0.00113635731395334,15,76299
0.0008440081728622317,-0.5688650608062744,382000,25297,0.0007,-0.1745147705078125,0.9599999785423279,76400,695.74,-0.024184230715036392,15,76399
4.11867449656711e-06,-0.08316842466592789,382500,25338,0.0007,-0.03754234313964844,0.9700000286102295,76500,659.79,-2.0076739019714296e-05,15,76499
4.2158026758443157e-07,-0.06717807054519653,383000,25366,0.0007,-1.4890213012695312,0.9700000286102295,76600,659.79,-4.079557584191207e-06,15,76599
1.6451997453259537e-06,-0.07182192802429199,383500,25408,0.0007,-0.8740752935409546,0.9700000286102295,76700,658.66,1.491853595325665e-06,15,76699
2.365602313147974e-06,-0.08468576520681381,384000,25436,0.0007,-1.372370719909668,0.9700000286102295,76800,658.66,-1.6675599908921868e-05,15,76799
8.468511623505037e-06,-0.042186152189970016,384500,25494,0.0007,-4.837316989898682,0.9599999785423279,76900,657.25,-1.3039617442700546e-05,15,76899
2.946462473119027e-06,-0.044053658843040466,385000,25540,0.0007,-0.057283997535705566,0.9599999785423279,77000,651.06,-8.092569260043092e-06,15,76999
6.817281246185303e-05,-0.27484801411628723,385500,25584,0.0007,-21.05314826965332,0.9800000190734863,77100,653.4,0.011532887816429138,15,77099
9.99984513327945e-06,-0.20491664111614227,386000,25623,0.0007,0.025561988353729248,0.9800000190734863,77200,652.34,-8.218752918764949e-05,15,77199
1.3228185707703233e-05,-0.04024256393313408,386500,25684,0.0007,-0.48611700534820557,0.9900000095367432,77300,627.78,-0.0046386634930968285,15,77299
1.713702317829302e-06,-0.006443036254495382,387000,25711,0.0007,-451.834228515625,0.9900000095367432,77400,627.78,-3.4918343772005755e-07,15,77399
2.223158617198351e-06,-0.00668491143733263,387500,25737,0.0007,-8.889521598815918,0.9900000095367432,77500,627.78,-9.202984188050323e-07,15,77499
8.304863285957254e-07,-0.005583577789366245,388000,25763,0.0007,-326.0945739746094,0.9900000095367432,77600,627.78,-3.938364443456521e-07,15,77599
2.6051799295601086e-07,-0.006325609982013702,388500,25789,0.0007,-27.03015899658203,0.9900000095367432,77700,627.78,-1.4325988217933627e-07,15,77699
1.3420755351489788e-07,-0.005240959580987692,389000,25815,0.0007,-13.55470085144043,0.9900000095367432,77800,627.78,1.3567877488185331e-07,15,77799
6.294339982559904e-08,-0.005726729519665241,389500,25841,0.0007,-490.14532470703125,0.9900000095367432,77900,627.78,6.763955440192149e-08,15,77899
1.989100972821234e-08,-0.0059109041467309,390000,25867,0.0007,-172.31602478027344,0.9900000095367432,78000,627.78,-4.221128446779687e-10,15,77999
7.027178838825421e-11,-0.00045012799091637135,390500,25910,0.0007,0.0,0.9800000190734863,78100,635.35,2.564523871040336e-10,15,78099
6.655417122751836e-17,-0.00045009152381680906,391000,25937,0.0007,-1.1920928955078125e-07,0.9800000190734863,78200,635.35,4.0322606364995295e-13,15,78199
4.305053557098352e-17,-0.00045009152381680906,391500,25964,0.0007,-1.1920928955078125e-07,0.9800000190734863,78300,635.35,4.0322606364995295e-13,15,78299
8.982284788541873e-17,-0.00045009152381680906,392000,25991,0.0007,-1.1920928955078125e-07,0.9800000190734863,78400,635.35,4.0322611786006157e-13,15,78399
4.305053226226107e-17,-0.00045009152381680906,392500,26019,0.0007,-1.1920928955078125e-07,0.9800000190734863,78500,635.35,4.0322606364995295e-13,15,78499
4.305053226226107e-17,-0.00045009152381680906,393000,26046,0.0007,-1.1920928955078125e-07,0.9800000190734863,78600,635.35,4.0322606364995295e-13,15,78599
1.1285874930150178e-16,-0.00045009152381680906,393500,26072,0.0007,-1.1920928955078125e-07,0.9800000190734863,78700,635.35,4.0322606364995295e-13,15,78699
4.305053226226107e-17,-0.00045009152381680906,394000,26100,0.0007,-1.1920928955078125e-07,0.9800000190734863,78800,635.35,4.0322606364995295e-13,15,78799
3.1098295494302874e-07,-0.0021070665679872036,394500,26146,0.0007,1.1920928955078125e-07,0.9700000286102295,78900,672.3,9.110764409570038e-08,15,78899
1.9950891783082625e-07,-0.0036129497457295656,395000,26173,0.0007,-1782033.0,0.9700000286102295,79000,672.3,-7.637363808044029e-08,15,78999
7.981834926340525e-08,-0.0042991843074560165,395500,26200,0.0007,-4.206076622009277,0.9700000286102295,79100,672.3,-8.269689288908921e-08,15,79099
1.3722049274633719e-08,-0.00524095306172967,396000,26227,0.0007,0.0,0.9700000286102295,79200,672.3,5.736163899427993e-08,15,79199
3.379120627755583e-08,-0.0054761627689003944,396500,26254,0.0007,-6.625433444976807,0.9700000286102295,79300,672.3,2.4173710144737015e-08,15,79299
9.49933287586191e-09,-0.005583147518336773,397000,26282,0.0007,-259.74676513671875,0.9700000286102295,79400,672.3,1.6722211171327217e-08,15,79399
1.771119073623595e-08,-0.005599339958280325,397500,26309,0.0007,-1.4246585369110107,0.9700000286102295,79500,672.3,4.916077500638494e-08,15,79499
1.89096411418177e-07,-0.005874031223356724,398000,26337,0.0007,-3.3244924545288086,0.9700000286102295,79600,672.3,-1.6929638491092192e-07,15,79599
1.6239366232184693e-05,-0.002001234097406268,398500,26382,0.0007,-44.343284606933594,0.9599999785423279,79700,704.73,-4.09174901960796e-07,15,79699
5.028274472351768e-07,-0.037946589291095734,399000,26426,0.0007,-1.047243356704712,0.9599999785423279,79800,703.84,1.9874805730069056e-06,15,79799
1.4625586572947213e-06,-0.037567462772130966,399500,26453,0.0007,-49.63766860961914,0.9599999785423279,79900,703.84,-4.99360521644121e-06,15,79899
5.753881282544171e-07,-0.036374833434820175,400000,26480,0.0007,-283.3791809082031,0.9599999785423279,80000,703.84,1.4278615481089219e-06,15,79999
0.00028708807076327503,-0.5572558045387268,400500,26523,0.0007,-15.444686889648438,0.949999988079071,80100,692.69,-0.022662177681922913,15,80099
3.219155814804253e-06,-1.859784722328186,401000,26561,0.0007,0.2266460657119751,0.949999988079071,80200,691.92,0.002279272535815835,15,80199
8.007228461792693e-05,-0.38132959604263306,401500,26609,0.0007,-107.3876953125,0.9399999976158142,80300,692.15,0.005916709545999765,15,80299
3.410755380173214e-05,-1.781817078590393,402000,26647,0.0007,-30.49423599243164,0.9399999976158142,80400,674.53,0.007912935689091682,15,80399
0.00013531348668038845,-0.06862340867519379,402500,26683,0.0007,-16.5538272857666,0.949999988079071,80500,675.27,8.705746586201712e-05,15,80499
5.383183633966837e-06,-0.01575762964785099,403000,26726,0.0007,-6.413568019866943,0.949999988079071,80600,664.57,-3.3307519515801687e-06,15,80599
